用户id,用户名,种子id,标题,小标题,体积,发布组,分类,分辨率,多集,新合集,旧合集,双语,NF,发布时间,单种工资,备注,总魔力,更新时间
76793,刺客,134963,Legend Of Awakening 2020 WEB-DL 1080p H264 AAC-HDSWEB,天醒之路 第17-20集 | 主演：陈飞宇 熊梓淇 程潇 邓恩熙,2.35GB,HDSWEB,电视剧分集,2K/1080p,4,,,,,2020-05-01 20:36:01,8000,,,2020-05-11 23:47:37.741845
76793,刺客,134965,Legend Of Awakening 2020 WEB-DL 4k H265 AAC-HDSWEB,天醒之路 第17-20集 | 主演：陈飞宇 熊梓淇 程潇 邓恩熙,5.98GB,HDSWEB,电视剧分集,4k/2160p,4,,,,,2020-05-01 20:37:21,8000,,,2020-05-11 23:47:37.741845
76793,刺客,135012,Back To Field S04 2020 WEB-DL 1080p H264 AAC-HDSWEB,向往的生活第四季 / 向往的生活4 先导片 第20200501期 | 主演：何炅 黄磊 张子枫 彭昱畅 [无台标],0.89GB,HDSWEB,综艺,2K/1080p,,,,,,2020-05-02 07:48:03,2000,,,2020-05-11 23:47:37.741845
76793,刺客,135013,The Secret Life Of Kids 2020 WEB-DL 1080p H264 AAC-HDSWEB,小孩的神秘生活 全8集 | 主演：昂米诺 白曼可,6.07GB,HDSWEB,纪录片,2K/1080p,,,8,,,2020-05-02 08:10:46,8000,,,2020-05-11 23:47:37.741845
76793,刺客,135022,Real Estate Agents 2020 WEB-DL 1080p H264 AAC-HDSWEB,中间人生 全6集 [中国首部房产经纪人职业纪录片],1.49GB,HDSWEB,纪录片,2K/1080p,,,6,,,2020-05-02 09:41:07,6000,,,2020-05-11 23:47:37.741845
76793,刺客,135023,Real Estate Agents 2020 WEB-DL 4k H265 AAC-HDSWEB,中间人生 全6集 [中国首部房产经纪人职业纪录片],2.46GB,HDSWEB,纪录片,4k/2160p,,,6,,,2020-05-02 09:45:13,9000,,,2020-05-11 23:47:37.741845
76793,刺客,135102,Legend Of Awakening 2020 WEB-DL 1080p H264 AAC-HDSWEB,天醒之路 第21-22集 | 主演：陈飞宇 熊梓淇 程潇 邓恩熙,1.32GB,HDSWEB,电视剧分集,2K/1080p,2,,,,,2020-05-02 20:20:49,4000,,,2020-05-11 23:47:37.741845
76793,刺客,135103,Legend Of Awakening 2020 WEB-DL 4k H265 AAC-HDSWEB,天醒之路 第21-22集 | 主演：陈飞宇 熊梓淇 程潇 邓恩熙,2.99GB,HDSWEB,电视剧分集,4k/2160p,2,,,,,2020-05-02 20:21:48,4000,,,2020-05-11 23:47:37.741845
76793,刺客,135156,Girlfriend 2020 WEB-DL 1080p H264 AAC-HDSWEB,楼下女友请签收 第25-28集 | 主演：王冠逸 徐好,3.71GB,HDSWEB,电视剧分集,2K/1080p,4,,,,,2020-05-03 10:00:41,8000,,,2020-05-11 23:47:37.741845
76793,刺客,135201,My Little One S02 2020 WEB-DL 1080p H264 AAC-HDSWEB,我家那闺女第二季 第20200501期+Plus版第20200502期 | 主演:宋茜 王鸥  [无台标],3.58GB,HDSWEB,综艺,2K/1080p,2,,,,,2020-05-03 19:42:40,4000,,,2020-05-11 23:47:37.741845
76793,刺客,135202,The Sweet Love Story 2020 WEB-DL 1080p H264 AAC-HDSWEB,致我们甜甜的小美满 第19-22集 | 主演：龚俊 刘人语,2.32GB,HDSWEB,电视剧分集,2K/1080p,4,,,,,2020-05-03 19:55:20,8000,,,2020-05-11 23:47:37.741845
76793,刺客,135204,Legend Of Awakening 2020 WEB-DL 1080p H264 AAC-HDSWEB,天醒之路 第23-24集 | 主演：陈飞宇 熊梓淇 程潇 邓恩熙,1.31GB,HDSWEB,电视剧分集,2K/1080p,2,,,,,2020-05-03 20:09:11,4000,,,2020-05-11 23:47:37.741845
76793,刺客,135205,Legend Of Awakening 2020 WEB-DL 4k H265 AAC-HDSWEB,天醒之路 第23-24集 | 主演：陈飞宇 熊梓淇 程潇 邓恩熙,2.96GB,HDSWEB,电视剧分集,4k/2160p,2,,,,,2020-05-03 20:20:32,4000,,,2020-05-11 23:47:37.741845
76793,刺客,135251,Girlfriend 2020 WEB-DL 1080p H264 AAC-HDSWEB,楼下女友请签收 第29-30集 | 主演：王冠逸 徐好,1.82GB,HDSWEB,电视剧分集,2K/1080p,2,,,,,2020-05-04 07:49:36,4000,,,2020-05-11 23:47:37.741845
76793,刺客,135283,My Husband In Law 2020 WEB-DL 1080p H264 AAC 2Auido-HDSWEB,泰剧 法定丈夫 / 我的法定老公 第01-09集 | 主演：普林·苏帕拉 尼塔莎·吉拉尤吉恩 [国泰双语],4.56GB,HDSWEB,电视剧分集,2K/1080p,9,,,是,,2020-05-04 13:16:04,18000,,,2020-05-11 23:47:37.741845
76793,刺客,135332,Believe In The Future 2020 WEB-DL 4k H265 AAC-HDSWEB,相信未来 在线义演第一场 20200504期,5.13GB,HDSWEB,综艺,4k/2160p,,,,,,2020-05-04 22:03:26,2000,,,2020-05-11 23:47:37.741845
76793,刺客,135334,Cicada Of Autumn 2020 WEB-DL 1080p H264 AAC-HDSWEB,秋蝉 第01集 | 主演：任嘉伦 李曼,0.5GB,HDSWEB,电视剧分集,2K/1080p,,,,,,2020-05-04 22:14:11,2000,,,2020-05-11 23:47:37.741845
76793,刺客,135335,Cicada Of Autumn 2020 WEB-DL 4k H265 AAC-HDSWEB,秋蝉 第01集 | 主演：任嘉伦 李曼,1.22GB,HDSWEB,电视剧分集,4k/2160p,,,,,,2020-05-04 22:17:47,2000,,,2020-05-11 23:47:37.742845
76793,刺客,135336,Believe In The Future 2020 WEB-DL 1080p H264 AAC-HDSWEB,相信未来 在线义演第一场 20200504期,1.66GB,HDSWEB,综艺,2K/1080p,,,,,,2020-05-04 22:33:56,2000,,,2020-05-11 23:47:37.742845
76793,刺客,135375,Girlfriend 2020 WEB-DL 1080p H264 AAC-HDSWEB,楼下女友请签收 第31-32集 | 主演：王冠逸 徐好,1.77GB,HDSWEB,电视剧分集,2K/1080p,2,,,,,2020-05-05 09:34:46,4000,,,2020-05-11 23:47:37.742845
76793,刺客,135451,Cicada Of Autumn 2020 WEB-DL 4k H265 AAC-HDSWEB,秋蝉 第02-03集 | 主演：任嘉伦 李曼,2.69GB,HDSWEB,电视剧分集,4k/2160p,2,,,,,2020-05-05 22:19:02,4000,,,2020-05-11 23:47:37.742845
76793,刺客,135454,Cicada Of Autumn 2020 WEB-DL 1080p H264 AAC-HDSWEB,秋蝉 第02-03集 | 主演：任嘉伦 李曼,1.19GB,HDSWEB,电视剧分集,2K/1080p,2,,,,,2020-05-05 22:23:15,4000,,,2020-05-11 23:47:37.742845
76793,刺客,135488,Believe In The Future 2020 WEB-DL 1080p H264 AAC-HDSWEB,相信未来 在线义演第二场 第20200505期,2.95GB,HDSWEB,综艺,2K/1080p,,,,,,2020-05-06 08:50:42,2000,,,2020-05-11 23:47:37.742845
76793,刺客,135623,Cicada Of Autumn 2020 WEB-DL 1080p H264 AAC-HDSWEB,秋蝉 第04-05集 | 主演：任嘉伦 李曼,0.88GB,HDSWEB,电视剧分集,2K/1080p,2,,,,,2020-05-07 09:34:16,4000,,,2020-05-11 23:47:37.742845
76793,刺客,135624,Cicada Of Autumn 2020 WEB-DL 4k H265 AAC-HDSWEB,秋蝉 第04-05集 | 主演：任嘉伦 李曼,2.71GB,HDSWEB,电视剧分集,4k/2160p,2,,,,,2020-05-07 09:40:53,4000,,,2020-05-11 23:47:37.742845
76793,刺客,135702,Legend Of Awakening 2020 WEB-DL 4k H265 AAC-HDSWEB,天醒之路 第25-26集 | 主演：陈飞宇 熊梓淇 程潇 邓恩熙,3.04GB,HDSWEB,电视剧分集,4k/2160p,2,,,,,2020-05-07 20:20:27,4000,,,2020-05-11 23:47:37.742845
76793,刺客,135743,Animal Impossible 2020 WEB-DL 1080p H264 AAC 3Auido-HDSWEB,不可思议的动物 第01集 | 主演：提姆·沃伍德 亚当·根德尔 [国粤英三语] [中英字幕],1.46GB,HDSWEB,纪录片,2K/1080p,,,,是,,2020-05-08 06:11:14,2000,,,2020-05-11 23:47:37.742845
76793,刺客,135744,Legend Of Awakening 2020 WEB-DL 1080p H264 AAC-HDSWEB,天醒之路 第25-26集 | 主演：陈飞宇 熊梓淇 程潇 邓恩熙,1.36GB,HDSWEB,电视剧分集,2K/1080p,2,,,,,2020-05-08 06:22:23,4000,,,2020-05-11 23:47:37.742845
76793,刺客,135756,Cicada Of Autumn 2020 WEB-DL 1080p H264 AAC-HDSWEB,秋蝉 第06-07集 | 主演：任嘉伦 李曼,0.87GB,HDSWEB,电视剧分集,2K/1080p,2,,,,,2020-05-08 08:59:05,4000,,,2020-05-11 23:47:37.742845
76793,刺客,135785,Believe In The Future 2020 WEB-DL 4k H265 AAC-HDSWEB,相信未来 在线义演第二场 第20200505期,4.07GB,HDSWEB,综艺,4k/2160p,,,,,,2020-05-08 14:41:34,2000,,,2020-05-11 23:47:37.742845
76793,刺客,135852,Cicada Of Autumn 2020 WEB-DL 4k H265 AAC-HDSWEB,秋蝉 第06-09集 | 主演：任嘉伦 李曼,7.64GB,HDSWEB,电视剧分集,4k/2160p,4,,,,,2020-05-09 00:10:31,8000,,,2020-05-11 23:47:37.742845
76793,刺客,135877,Singer S04 2020 WEB-DL 1080p H264 AAC-HDSWEB,歌手·当打之年 全12期打包 | 主演:米希亚 华晨宇 袁娅维 周深 萧敬腾 [无台标],33.76GB,HDSWEB,综艺,2K/1080p,,12,,,,2020-05-09 08:57:47,0,打包新资源无魔力,,2020-05-11 23:47:37.742845
76793,刺客,135879,Cicada Of Autumn 2020 WEB-DL 1080p H264 AAC-HDSWEB,秋蝉 第08-09集 | 主演：任嘉伦 李曼,0.9GB,HDSWEB,电视剧分集,2K/1080p,2,,,,,2020-05-09 09:09:50,4000,,,2020-05-11 23:47:37.742845
76793,刺客,135918,Legend Of Awakening 2020 WEB-DL 1080p H264 AAC-HDSWEB,天醒之路 第27-28集 | 主演：陈飞宇 熊梓淇 程潇 邓恩熙,1.32GB,HDSWEB,电视剧分集,2K/1080p,2,,,,,2020-05-09 13:56:23,4000,,,2020-05-11 23:47:37.742845
76793,刺客,135919,Legend Of Awakening 2020 WEB-DL 4k H265 AAC-HDSWEB,天醒之路 第27-28集 | 主演：陈飞宇 熊梓淇 程潇 邓恩熙,2.98GB,HDSWEB,电视剧分集,4k/2160p,2,,,,,2020-05-09 14:00:06,4000,,,2020-05-11 23:47:37.742845
76793,刺客,135932,Back To Field S04 2020 WEB-DL 1080p H264 AAC-HDSWEB,向往的生活第四季 / 向往的生活4 第20200508期 | 主演：何炅 黄磊 张子枫 彭昱畅 [无台标],2.89GB,HDSWEB,综艺,2K/1080p,,,,,,2020-05-09 16:18:00,2000,,,2020-05-11 23:47:37.742845
76793,刺客,135950,Legend Of Awakening 2020 WEB-DL 4k H265 AAC-HDSWEB,天醒之路 第29-30集 | 主演：陈飞宇 熊梓淇 程潇 邓恩熙,3.05GB,HDSWEB,电视剧分集,4k/2160p,2,,,,,2020-05-09 20:35:01,4000,,,2020-05-11 23:47:37.742845
76793,刺客,135953,Legend Of Awakening 2020 WEB-DL 1080p H264 AAC-HDSWEB,天醒之路 第29-30集 | 主演：陈飞宇 熊梓淇 程潇 邓恩熙,1.36GB,HDSWEB,电视剧分集,2K/1080p,2,,,,,2020-05-09 21:03:34,4000,,,2020-05-11 23:47:37.742845
76793,刺客,135970,Believe In The Future 2020 WEB-DL 4k H265 AAC-HDSWEB,相信未来 在线义演第三场 第20200509期,8.17GB,HDSWEB,综艺,4k/2160p,,,,,,2020-05-09 22:27:15,2000,,,2020-05-11 23:47:37.742845
76793,刺客,135996,Cicada Of Autumn 2020 WEB-DL 1080p H264 AAC-HDSWEB,秋蝉 第10集 | 主演：任嘉伦 李曼,0.5GB,HDSWEB,电视剧分集,2K/1080p,,,,,,2020-05-10 08:58:02,2000,,,2020-05-11 23:47:37.742845
76793,刺客,135998,Cicada Of Autumn 2020 WEB-DL 4k H265 AAC-HDSWEB,秋蝉 第10集 | 主演：任嘉伦 李曼,1.88GB,HDSWEB,电视剧分集,4k/2160p,,,,,,2020-05-10 09:04:24,2000,,,2020-05-11 23:47:37.742845
76793,刺客,135999,Believe In The Future 2020 WEB-DL 1080p H264 AAC-HDSWEB,相信未来 在线义演第三场 第20200509期,3.0GB,HDSWEB,综艺,2K/1080p,,,,,,2020-05-10 09:22:28,2000,,,2020-05-11 23:47:37.742845
76793,刺客,136038,The House On The Slope 2019 WEB-DL 4k H265 AAC-HDSWEB,日剧 坡道上的家/坡道途中的家 全6集 | 主演: 柴崎幸 水野美纪 伊藤步 [简中字幕],5.12GB,HDSWEB,剧集（合集）,4k/2160p,,,6,,,2020-05-10 15:21:25,9000,,,2020-05-11 23:47:37.742845
76793,刺客,136076,Legend Of Awakening 2020 WEB-DL 1080p H264 AAC-HDSWEB,天醒之路 第31-32集 | 主演：陈飞宇 熊梓淇 程潇 邓恩熙,1.41GB,HDSWEB,电视剧分集,2K/1080p,2,,,,,2020-05-10 21:53:39,4000,,,2020-05-11 23:47:37.742845
76793,刺客,136112,Legend Of Awakening 2020 WEB-DL 4k H265 AAC-HDSWEB,天醒之路 第31-32集 | 主演：陈飞宇 熊梓淇 程潇 邓恩熙,3.11GB,HDSWEB,电视剧分集,4k/2160p,2,,,,,2020-05-11 07:53:03,4000,,,2020-05-11 23:47:37.742845
76793,刺客,136115,Girlfriend 2020 WEB-DL 1080p H264 AAC-HDSWEB,楼下女友请签收 第33-36集 | 主演：王冠逸 徐好,3.47GB,HDSWEB,电视剧分集,2K/1080p,4,,,,,2020-05-11 08:14:07,8000,,,2020-05-11 23:47:37.742845
76793,刺客,136116,Cicada Of Autumn 2020 WEB-DL 1080p H264 AAC-HDSWEB,秋蝉 第11-12集 | 主演：任嘉伦 李曼,0.86GB,HDSWEB,电视剧分集,2K/1080p,2,,,,,2020-05-11 08:47:51,4000,,,2020-05-11 23:47:37.742845
76793,刺客,136118,Girlfriend 2020 WEB-DL 1080p H264 AAC-HDSWEB,楼下女友请签收 全36集打包 | 主演：王冠逸 徐好,32.22GB,HDSWEB合集专用,剧集（合集）,2K/1080p,,36,,,,2020-05-11 09:03:13,0,打包新资源无魔力,,2020-05-11 23:47:37.742845
76793,刺客,136152,Cicada Of Autumn 2020 WEB-DL 4k H265 AAC-HDSWEB,秋蝉 第11-12集 | 主演：任嘉伦 李曼,3.9GB,HDSWEB,电视剧分集,4k/2160p,2,,,,,2020-05-11 15:21:20,4000,,,2020-05-11 23:47:37.742845
76793,刺客,136171,Super Mom S03 2018 WEB-DL 4k H265 AAC-HDSWEB,妈妈是超人第三季 全13期 | 主演：黄圣依 霍思燕 贾静雯,36.97GB,HDSWEB合集专用,综艺,4k/2160p,,,13,,,2020-05-11 18:45:36,19500,,,2020-05-11 23:47:37.742845
76793,刺客,,,,,,,,,,,,,,,,235500,
46341,kkx76,135548,No Guns Life 2019 WEB-DL 1080p H264 AAC-HDSWEB,非枪人生 全12集 | 主演: 诹访部顺一 山下大辉 (简体中文硬字幕),4.5GB,HDSWEB,动漫,2K/1080p,,,13,,,2020-05-06 19:25:02,13000,,,2020-05-11 23:47:39.021866
46341,kkx76,,,,,,,,,,,,,,,,13000,
85329,小翼,135460,Airport Security Unit 2020 V2 WEB-DL 4k H265 AAC 2Audio-HDSWEB,机场特警 / 機場特警 全25集 | 主演: 张振朗 蔡思贝  [国粤双语],68.68GB,HDSWEB,剧集（合集）,4k/2160p,,,25,是,,2020-05-05 22:59:03,50000,,,2020-05-11 23:47:40.338610
85329,小翼,135463, Hunting 2020 WEB-DL 4k H265 AAC-HDSWEB,猎狐 第31-40集 | 主演: 王凯 王鸥,20.15GB,HDSWEB,电视剧分集,4k/2160p,10,,,,,2020-05-06 01:27:17,20000,,,2020-05-11 23:47:40.338610
85329,小翼,135508,Top Funny Comedian VIP S06 2020 WEB-DL 1080p H264 AAC-HDSWEB,欢乐喜剧人 第六季 顶配版 全12期,25.07GB,HDSWEB,综艺,2K/1080p,,,12,,,2020-05-06 12:33:30,12000,,,2020-05-11 23:47:40.338610
85329,小翼,135509,Top Funny Comedian VIP S06 2020 WEB-DL 4k H265 AAC-HDSWEB,欢乐喜剧人 第六季 顶配版 全12期,112.92GB,HDSWEB,综艺,4k/2160p,,,12,,,2020-05-06 12:33:36,18000,,,2020-05-11 23:47:40.338610
85329,小翼,135605,Better Days 2019 WEB-DL 4k 60fps H265 AAC DD5.1-HDSWEB,少年的你 / 少年的你，如此美丽  ,9.19GB,HDSWEB,电影,4k/2160p,,,,,,2020-05-07 06:47:39,2000,,,2020-05-11 23:47:40.338610
85329,小翼,135609,The Enchanting Phantom 2020 WEB-DL 4k H265 AAC-HDSWEB,倩女幽魂：人间情 / 倩女幽魂2 / 倩女幽魂人间情 / 倩女幽魂之人间情,1.52GB,HDSWEB,电影,4k/2160p,,,,,,2020-05-07 07:27:19,2000,,,2020-05-11 23:47:40.338610
85329,小翼,135610,Hunting 2020 WEB-DL 4k H265 AAC-HDSWEB,猎狐 第41-42集 | 主演: 王凯 王鸥,3.3GB,HDSWEB,电视剧分集,4k/2160p,2,,,,,2020-05-07 07:29:08,4000,,,2020-05-11 23:47:40.338610
85329,小翼,135611,The Best Of You in My Mind 2020 WEB-DL 1080p H264 AAC-HDSWEB,全世界最好的你 第19-22集 | 主演: 宋伊人 张耀,1.87GB,HDSWEB,电视剧分集,2K/1080p,4,,,,,2020-05-07 07:29:25,8000,,,2020-05-11 23:47:40.338610
85329,小翼,135612,The Best Of You in My Mind 2020 WEB-DL 4k H265 AAC-HDSWEB,全世界最好的你 第19-22集 | 主演: 宋伊人 张耀,7.22GB,HDSWEB,电视剧分集,4k/2160p,4,,,,,2020-05-07 07:29:28,8000,,,2020-05-11 23:47:40.338610
85329,小翼,135618, Closer to You 2020 WEB-DL 1080p H264 AAC-HDSWEB,我的刺猬女孩 / 突然回到18岁 / 突然回到十八岁  第09-17集,3.89GB,HDSWEB,电视剧分集,2K/1080p,9,,,,,2020-05-07 08:14:03,18000,,,2020-05-11 23:47:40.338610
85329,小翼,135620, Erlonghu Love Story 2020 WEB-DL 1080p H264 AAC-HDSWEB,二龙湖爱情故事2020 第07-10集 | 主演: 张浩 徐子涵,1.76GB,HDSWEB,电视剧分集,2K/1080p,4,,,,,2020-05-07 08:14:44,8000,,,2020-05-11 23:47:40.338610
85329,小翼,135621,Love Is All 2020 WEB-DL 4k H265 AAC-HDSWEB,师爷请自重 / 调笑令 第07-12集 | 主演: 章若楠 张昊唯,10.36GB,HDSWEB,电视剧分集,4k/2160p,6,,,,,2020-05-07 08:14:48,12000,,,2020-05-11 23:47:40.339611
85329,小翼,135658,It Is Your Turn 2019 WEB-DL 1080p H264 AAC-HDSWEB,日剧 轮到你了 / あなたの番です  全20集+特别篇  [繁中],41.02GB,HDSWEB,剧集（合集）,2K/1080p,,,21,,,2020-05-07 14:01:05,21000,,,2020-05-11 23:47:40.339611
85329,小翼,135733,Hunting 2020 WEB-DL 4k H265 AAC-HDSWEB,猎狐 全44集打包 | 主演: 王凯 王鸥,80.36GB,HDSWEB,剧集（合集）,4k/2160p,,44,,,,2020-05-07 22:55:20,0,打包新资源无魔力,,2020-05-11 23:47:40.339611
85329,小翼,136039,Closer to You 2020 WEB-DL 1080p H264 AAC-HDSWEB,我的刺猬女孩 / 突然回到18岁 / 突然回到十八岁  第18-20集,1.19GB,HDSWEB,电视剧分集,2K/1080p,3,,,,,2020-05-10 15:24:44,6000,,,2020-05-11 23:47:40.339611
85329,小翼,136040,Closer to You 2020 WEB-DL 4k H265 AAC-HDSWEB,我的刺猬女孩 / 突然回到18岁 / 突然回到十八岁  第01-20集,33.42GB,HDSWEB,电视剧分集,4k/2160p,20,,,,,2020-05-10 15:24:55,40000,,,2020-05-11 23:47:40.339611
85329,小翼,136042, Love Is All 2020 WEB-DL 4k H265 AAC-HDSWEB,师爷请自重 / 调笑令 第13-14集 | 主演: 章若楠 张昊唯,3.78GB,HDSWEB,电视剧分集,4k/2160p,2,,,,,2020-05-10 15:41:22,4000,,,2020-05-11 23:47:40.339611
85329,小翼,136044, Erlonghu Love Story 2020 WEB-DL 1080p H264 AAC-HDSWEB,二龙湖爱情故事2020 第11-14集 | 主演: 张浩 徐子涵,1.85GB,HDSWEB,电视剧分集,2K/1080p,4,,,,,2020-05-10 15:41:25,8000,,,2020-05-11 23:47:40.339611
85329,小翼,136045,Wen Xue De Ri Zhang 2020 WEB-DL 4k H265 AAC-HDSWEB,文学的日常 第03-04期,4.08GB,HDSWEB,纪录片,4k/2160p,2,,,,,2020-05-10 15:48:51,4000,,,2020-05-11 23:47:40.339611
85329,小翼,136070,Once Upon a Bite S02 2020 WEB-DL 1080p H264 AAC-HDSWEB,风味人间 第二季 / 风味人间2 第02-03集  ,2.45GB,HDSWEB,纪录片,2K/1080p,2,,,,,2020-05-10 21:16:19,4000,,,2020-05-11 23:47:40.339611
85329,小翼,136117,South of the old 1983 WEB-DL 4k H265 AAC-HDSWEB,城南旧事  / My Memories of Old Beijing,2.72GB,HDSWEB,电影,4k/2160p,,,,,,2020-05-11 08:49:12,2000,,,2020-05-11 23:47:40.339611
85329,小翼,136176,The Best Of You in My Mind 2020 WEB-DL 1080p H264 AAC-HDSWEB,全世界最好的你 第23-24集 | 主演: 宋伊人 张耀,1.14GB,HDSWEB,电视剧分集,2K/1080p,2,,,,,2020-05-11 20:05:22,4000,,,2020-05-11 23:47:40.339611
85329,小翼,136177,The Best Of You in My Mind 2020 WEB-DL 4k H265 AAC-HDSWEB,全世界最好的你 第23-24集 | 主演: 宋伊人 张耀,4.55GB,HDSWEB,电视剧分集,4k/2160p,2,,,,,2020-05-11 20:05:24,4000,,,2020-05-11 23:47:40.339611
85329,小翼,136187,The Best Of You in My Mind 2020 WEB-DL 1080p H264 AAC-HDSWEB,全世界最好的你 全24集打包 | 主演: 宋伊人 张耀,13.0GB,HDSWEB合集专用,剧集（合集）,2K/1080p,,24,,,,2020-05-11 20:41:00,0,打包新资源无魔力,,2020-05-11 23:47:40.339611
85329,小翼,136188,The Best Of You in My Mind 2020 WEB-DL 4k H265 AAC-HDSWEB,全世界最好的你 全24集打包 | 主演: 宋伊人 张耀,47.18GB,HDSWEB合集专用,剧集（合集）,4k/2160p,,24,,,,2020-05-11 20:41:03,0,打包新资源无魔力,,2020-05-11 23:47:40.339611
85329,小翼,,,,,,,,,,,,,,,,259000,
91836,大胖子,134967,The Legend of the Condor Heroes 2008 WEB-DL 1080p H264 AAC-HDSWEB,射雕英雄传  全50集 | 主演：胡歌 林依晨 刘诗诗 周海媚,38.99GB,HDSWEB,剧集（合集）,2K/1080p,,,50,,,2020-05-01 21:16:13,50000,,,2020-05-11 23:47:42.263363
91836,大胖子,135886,The Mystic Nine 2016 WEB-DL 4k H265 AAC-HDSWEB,老九门  全48集 | 主演：陈伟霆 张艺兴 赵丽颖,45.95GB,HDSWEB,剧集（合集）,4k/2160p,,,48,,,2020-05-09 10:31:51,72000,,,2020-05-11 23:47:42.263363
91836,大胖子,135949,With Elite 2017 WEB-DL 1080p H264 AAC-HDSWEB,我不是精英 全40集 | 主演: 雷佳音 邓家佳,24.1GB,HDSWEB,剧集（合集）,2K/1080p,,,40,,,2020-05-09 19:49:32,40000,,,2020-05-11 23:47:42.263363
91836,大胖子,136002,Our Second Child 2014 WEB-DL 4k H265 AAC-HDSWEB,二胎 全33集 | 主演: 蒋欣 曹炳琨 莫小棋,37.68GB,HDSWEB,剧集（合集）,4k/2160p,,,33,,,2020-05-10 10:38:50,49500,,,2020-05-11 23:47:42.263363
91836,大胖子,136034,Good Time 2015 WEB-DL 4k H265 AAC-HDSWEB,大好时光 全38集 | 主演: 胡歌 王晓晨,28.7GB,HDSWEB,剧集（合集）,4k/2160p,,,38,,,2020-05-10 14:48:51,57000,,,2020-05-11 23:47:42.263363
91836,大胖子,136058,In Youth 2019 WEB-DL 4k H265 AAC-HDSWEB,趁我们还年轻 全38集 | 主演: 张云龙 乔欣,41.72GB,HDSWEB,剧集（合集）,4k/2160p,,,38,,,2020-05-10 19:15:00,57000,,,2020-05-11 23:47:42.263363
91836,大胖子,136126,Tong Xue Liang Yi Sui 2018 WEB-DL 1080p H264 AAC-HDSWEB,同学两亿岁 全24集 | 主演: 朱致灵 李庚希,13.9GB,HDSWEB合集专用,剧集（合集）,2K/1080p,,,24,,,2020-05-11 10:55:26,24000,,,2020-05-11 23:47:42.263363
91836,大胖子,136141,Mu Qin Mu Qin 2012 WEB-DL 1080p H264 AAC-HDSWEB,"母亲,母亲 全36集 | 主演: 斯琴高娃 袁莉 胡亚捷",19.35GB,HDSWEB合集专用,剧集（合集）,2K/1080p,,,36,,,2020-05-11 12:08:27,36000,,,2020-05-11 23:47:42.263363
91836,大胖子,136153,The Glorious Era 2019 WEB-DL 1080p H264 AAC-HDSWEB,光荣时代 全46集 | 主演: 张译 黄志忠 潘之琳 薛佳凝,20.5GB,HDSWEB合集专用,剧集（合集）,2K/1080p,,,46,,,2020-05-11 15:23:28,46000,,,2020-05-11 23:47:42.263363
91836,大胖子,136172,The Patriot Yue Fei 2013 WEB-DL 1080p H264 AAC-HDSWEB,精忠岳飞 全69集丨主演: 黄晓明 林心如 罗嘉良 邵兵 吴秀波,48.29GB,HDSWEB合集专用,剧集（合集）,2K/1080p,,,69,,,2020-05-11 19:16:21,69000,,,2020-05-11 23:47:42.263363
91836,大胖子,,,,,,,,,,,,,,,,500500,
89738,heimeiqiu,134952,The Starry 2020 WEB-DL 1080p H264 AAC-HDSWEB,抬头有星光 / 假面娇妻 / 曼陀花开 全40集 | 主演: 牛子藩 刘佳,20.41GB,HDSWEB,剧集（合集）,2K/1080p,,,40,,,2020-05-01 18:24:42,40000,,,2020-05-11 23:47:43.640048
89738,heimeiqiu,134961,The Sleuth of The Ming Dynasty 2020 WEB-DL 4k H265 AAC-HDSWEB,成化十四年 第41-42集  | 主演: 官鸿 傅孟柏 刘耀元 毛毅 王茂蕾,2.33GB,HDSWEB,电视剧分集,4k/2160p,2,,,,,2020-05-01 20:31:08,4000,,,2020-05-11 23:47:43.641047
89738,heimeiqiu,134962,The Sleuth of The Ming Dynasty 2020 WEB-DL 1080p H265 AAC-HDSWEB,成化十四年 第41-42集  | 主演: 官鸿 傅孟柏 刘耀元 毛毅 王茂蕾,1.73GB,HDSWEB,电视剧分集,2K/1080p,2,,,,,2020-05-01 20:35:09,4000,,,2020-05-11 23:47:43.641047
89738,heimeiqiu,135206,Yu Ni Tai Shang Jian 2020 WEB-DL 4k H265 AAC-HDSWEB,瑜你台上见 第11-12期 | 主演: 王珮瑜,2.2GB,HDSWEB,综艺,4k/2160p,2,,,,,2020-05-03 20:21:06,4000,,,2020-05-11 23:47:43.641047
89738,heimeiqiu,135207,Yu Ni Tai Shang Jian 2020 WEB-DL 1080p H265 AAC-HDSWEB,瑜你台上见 第11-12期 | 主演: 王珮瑜,1.5GB,HDSWEB,综艺,2K/1080p,2,,,,,2020-05-03 20:23:55,4000,,,2020-05-11 23:47:43.641047
89738,heimeiqiu,135252,Yu Ni Tai Shang Jian 2020 WEB-DL 4k H265 AAC-HDSWEB,瑜你台上见 全12期 | 主演: 王珮瑜,12.48GB,HDSWEB,综艺,4k/2160p,,,12,,,2020-05-04 08:14:53,18000,,,2020-05-11 23:47:43.641047
89738,heimeiqiu,135253,Yu Ni Tai Shang Jian 2020 WEB-DL 1080p H265 AAC-HDSWEB,瑜你台上见 全12期 | 主演: 王珮瑜,8.47GB,HDSWEB,综艺,2K/1080p,,,12,,,2020-05-04 08:16:21,12000,,,2020-05-11 23:47:43.641047
89738,heimeiqiu,135292,Blossom in Heart 2019 WEB-DL 1080p H264 AAC-HDSWEB,海棠经雨胭脂透 全52集 | 主演：邓伦 李一桐 另含3集花絮,65.46GB,HDSWEB,剧集（合集）,2K/1080p,,,55,,,2020-05-04 14:06:17,55000,,,2020-05-11 23:47:43.641047
89738,heimeiqiu,135442,Guo Bao 100 2019 WEB-DL 4k H265 AAC-HDSWEB,国宝100 第37集 | 主演：马未都,0.46GB,HDSWEB,综艺,4k/2160p,,,,,,2020-05-05 20:59:11,2000,,,2020-05-11 23:47:43.641047
89738,heimeiqiu,135446,The Sleuth of The Ming Dynasty 2020 WEB-DL 4k H265 AAC-HDSWEB,成化十四年 第43-44集  | 主演: 官鸿 傅孟柏 刘耀元 毛毅 王茂蕾,2.4GB,HDSWEB,电视剧分集,4k/2160p,2,,,,,2020-05-05 21:46:46,4000,,,2020-05-11 23:47:43.641047
89738,heimeiqiu,135447,The Sleuth of The Ming Dynasty 2020 WEB-DL 1080p H265 AAC-HDSWEB,成化十四年 第43-44集  | 主演: 官鸿 傅孟柏 刘耀元 毛毅 王茂蕾,1.72GB,HDSWEB,电视剧分集,2K/1080p,2,,,,,2020-05-05 21:48:36,4000,,,2020-05-11 23:47:43.641047
89738,heimeiqiu,135614,The Sleuth of The Ming Dynasty 2020 WEB-DL 4k H265 AAC-HDSWEB,成化十四年 第45-46集  | 主演: 官鸿 傅孟柏 刘耀元 毛毅 王茂蕾,2.55GB,HDSWEB,电视剧分集,4k/2160p,2,,,,,2020-05-07 07:39:54,4000,,,2020-05-11 23:47:43.641047
89738,heimeiqiu,135616,The Sleuth of The Ming Dynasty 2020 WEB-DL 1080p H265 AAC-HDSWEB,成化十四年 第45-46集  | 主演: 官鸿 傅孟柏 刘耀元 毛毅 王茂蕾,1.83GB,HDSWEB,电视剧分集,2K/1080p,2,,,,,2020-05-07 07:42:18,4000,,,2020-05-11 23:47:43.641047
89738,heimeiqiu,135701,Tan Shi Jie 2020 WEB-DL 1080p H265 AAC-HDSWEB,探世界  第3集 | 主演：高晓松,0.88GB,HDSWEB,综艺,2K/1080p,,,,,,2020-05-07 20:12:15,2000,,,2020-05-11 23:47:43.641047
89738,heimeiqiu,135703,Tan Shi Jie 2020 WEB-DL 4k H265 AAC-HDSWEB,探世界  第1-3集 | 主演：高晓松 4k高码版，其中1~2集为V2高码版本,12.61GB,HDSWEB,综艺,4k/2160p,3,,,,,2020-05-07 20:21:38,6000,,,2020-05-11 23:47:43.641047
89738,heimeiqiu,135705,The Sleuth of The Ming Dynasty 2020 WEB-DL 4k H265 AAC-HDSWEB,成化十四年 第47-48集  | 主演: 官鸿 傅孟柏 刘耀元 毛毅 王茂蕾,2.59GB,HDSWEB,电视剧分集,4k/2160p,2,,,,,2020-05-07 20:35:50,4000,,,2020-05-11 23:47:43.641047
89738,heimeiqiu,135706,The Sleuth of The Ming Dynasty 2020 WEB-DL 1080p H265 AAC-HDSWEB,成化十四年 第47-48集  | 主演: 官鸿 傅孟柏 刘耀元 毛毅 王茂蕾,1.88GB,HDSWEB,电视剧分集,2K/1080p,2,,,,,2020-05-07 20:37:07,4000,,,2020-05-11 23:47:43.641047
89738,heimeiqiu,135833,The Sleuth of The Ming Dynasty 2020 WEB-DL 4k H265 AAC-HDSWEB,成化十四年 全48集  | 主演: 官鸿 傅孟柏 刘耀元 毛毅 王茂蕾,59.89GB,HDSWEB,剧集（合集）,4k/2160p,,,48,,,2020-05-08 22:16:25,72000,,,2020-05-11 23:47:43.641047
89738,heimeiqiu,135836,The Sleuth of The Ming Dynasty 2020 WEB-DL 1080p H265 AAC-HDSWEB,成化十四年 全48集  | 主演: 官鸿 傅孟柏 刘耀元 毛毅 王茂蕾,43.01GB,HDSWEB,剧集（合集）,2K/1080p,,,48,,,2020-05-08 22:20:33,48000,,,2020-05-11 23:47:43.641047
89738,heimeiqiu,136029,Soul Ferry S01 2014 WEB-DL 1080p H264 AAC-HDSWEB,灵魂摆渡 第一季 全20集 | 主演: 于毅 肖茵 首播未删减版,14.97GB,HDSWEB,剧集（合集）,2K/1080p,,,20,,,2020-05-10 14:15:40,20000,,,2020-05-11 23:47:43.641047
89738,heimeiqiu,136031,Soul Ferry S02 2015 WEB-DL 1080p H264 AAC-HDSWEB,灵魂摆渡 第二季 全20集 | 主演: 于毅 肖茵 首播未删减版,16.47GB,HDSWEB,剧集（合集）,2K/1080p,,,20,,,2020-05-10 14:20:36,20000,,,2020-05-11 23:47:43.641047
89738,heimeiqiu,136032,Soul Ferry S03 2016 WEB-DL 1080p H264 AAC-HDSWEB,灵魂摆渡 第三季 全13集 | 主演: 于毅 肖茵 首播未删减版,9.01GB,HDSWEB,剧集（合集）,2K/1080p,,,13,,,2020-05-10 14:24:18,13000,,,2020-05-11 23:47:43.641047
89738,heimeiqiu,136033,Manjusaka 2018 WEB-DL 1080p H264 AAC-HDSWEB,灵魂摆渡 黄泉 | 主演：于毅 何花 | 未删减 比4k版时间要多5分钟左右,1.86GB,HDSWEB,电影,2K/1080p,,,,,,2020-05-10 14:31:57,2000,,,2020-05-11 23:47:43.642047
89738,heimeiqiu,136064,Mystery of Antiques S02 2020 WEB-DL 4k H265 AAC-HDSWEB,古董局中局2鉴墨寻瓷 第1-8集 | 主演：夏雨  魏晨 阿丽亚,9.97GB,HDSWEB,电视剧分集,4k/2160p,8,,,,,2020-05-10 20:51:24,16000,,,2020-05-11 23:47:43.642047
89738,heimeiqiu,136067,Mystery of Antiques S02 2020 WEB-DL 1080p H264 AAC-HDSWEB,古董局中局2鉴墨寻瓷 第1-8集 | 主演：夏雨  魏晨 阿丽亚,3.52GB,HDSWEB,电视剧分集,2K/1080p,8,,,,,2020-05-10 21:06:35,16000,,,2020-05-11 23:47:43.642047
89738,heimeiqiu,136181,Mystery of Antiques S02 2020 WEB-DL 4k H265 AAC-HDSWEB,古董局中局2鉴墨寻瓷 第9-10集 | 主演：夏雨  魏晨 阿丽亚,2.86GB,HDSWEB,电视剧分集,4k/2160p,2,,,,,2020-05-11 20:26:43,4000,,,2020-05-11 23:47:43.642047
89738,heimeiqiu,136183,Mystery of Antiques S02 2020 WEB-DL 1080p H264 AAC-HDSWEB,古董局中局2鉴墨寻瓷 第9-10集 | 主演：夏雨  魏晨 阿丽亚,0.97GB,HDSWEB,电视剧分集,2K/1080p,2,,,,,2020-05-11 20:28:15,4000,,,2020-05-11 23:47:43.642047
89738,heimeiqiu,,,,,,,,,,,,,,,,390000,
68942,shq55,135018,CZR Bonus S02 2020 WEB-DL 4k H265 AAC-HDSWEB,开饭啦！唱作人2 第03期 | 嘉宾：张艺兴 郑钧 陈粒 周延,1.72GB,HDSWEB,综艺,4k/2160p,,,,,,2020-05-02 08:44:34,2000,,,2020-05-11 23:47:44.912469
68942,shq55,135714,I am CZR S02 2020 WEB-DL 4k H265 AAC-HDSWEB,我是唱作人第二季 / 我是唱作人2 第04期 | 嘉宾：张艺兴 郑钧 陈粒 周延,5.4GB,HDSWEB,综艺,4k/2160p,2,,,,,2020-05-07 21:11:30,4000,,,2020-05-11 23:47:44.912469
68942,shq55,135850,CZR Bonus S02 2020 WEB-DL 4k H265 AAC-HDSWEB,开饭啦！唱作人2 第04期 | 嘉宾：张艺兴 郑钧 陈粒 周延,1.7GB,HDSWEB,综艺,4k/2160p,,,,,,2020-05-08 23:36:38,2000,,,2020-05-11 23:47:44.912469
68942,shq55,,,,,,,,,,,,,,,,8000,
90865,killerlyq,135557,Special Case Hunt 2020 WEB-DL 1080p H265 AAC-HDSWEB,特案追缉 全29集 | 主演: 姚卓君 周楚濋,28.48GB,HDSWEB,剧集（合集）,2K/1080p,,,29,,,2020-05-06 20:50:34,29000,,,2020-05-11 23:47:46.228452
90865,killerlyq,135740,Angel's Eyes 2019 S01-S03 WEB-DL 4k H265 AAC-HDSWEB,天使的眼睛 第1-3季 全36集 | 主演: 宣璐 王羽铮,21.82GB,HDSWEB,剧集（合集）,4k/2160p,,,36,,,2020-05-08 01:09:02,54000,,,2020-05-11 23:47:46.228452
90865,killerlyq,135786,Soul Ferry S01 2014 WEB-DL 4k H265 AAC-HDSWEB,灵魂摆渡 第一季 全20集 | 主演: 于毅 肖茵 | 第1集无4k用1080p替代,22.65GB,HDSWEB,剧集（合集）,4k/2160p,,,20,,,2020-05-08 15:20:33,30000,,,2020-05-11 23:47:46.228452
90865,killerlyq,135787,Soul Ferry S02 2015 WEB-DL 4k H265 AAC-HDSWEB,灵魂摆渡 第二季 全20集 | 主演: 于毅 肖茵,17.21GB,HDSWEB,剧集（合集）,4k/2160p,,,20,,,2020-05-08 15:35:07,30000,,,2020-05-11 23:47:46.228452
90865,killerlyq,135790,Soul Ferry S03 2016 WEB-DL 4k H265 AAC-HDSWEB,灵魂摆渡 第三季 全13集 | 主演: 于毅 肖茵,14.94GB,HDSWEB,剧集（合集）,4k/2160p,,,13,,,2020-05-08 15:48:23,19500,,,2020-05-11 23:47:46.228452
90865,killerlyq,135794,Manjusaka 2018 WEB-DL 4k H265 AAC-HDSWEB mp4,灵魂摆渡 黄泉 | 主演：于毅 何花,2.42GB,HDSWEB,电影,4k/2160p,,,,,,2020-05-08 16:18:31,2000,,,2020-05-11 23:47:46.228452
90865,killerlyq,,,,,,,,,,,,,,,,164500,
90586,mctary,135600,Jian Ai Nan Nv 2020 WEB-DL 4k H265 AAC-HDSWEB,鉴爱男女 第13-22集 | 主演：吴静怡 许婉 刘闯 张晔 袁超 | 客串：张云龙 王大陆 陈柏霖 王耀庆 张蓝心,1.42GB,HDSWEB,电视剧分集,4k/2160p,10,,,,,2020-05-07 04:09:06,20000,,,2020-05-11 23:47:48.111454
90586,mctary,135601,As Long As You Love Me 2020 WEB-DL 4k H265 AAC-HDSWEB,爱情的开关 第22-26集 | 主演：熊梓淇 赖雨濛 董力 赵珞然 马雪阳,5.28GB,HDSWEB,电视剧分集,4k/2160p,5,,,,,2020-05-07 04:45:52,10000,,,2020-05-11 23:47:48.111454
90586,mctary,135666,Soul Land 2018 WEB-DL 4k H265 AAC-HDSWEB,斗罗大陆动画版 第102集 | 编剧：沈乐平 唐家三少 | 声优：沈磊 程玉珠 黄翔宇 王肖兵 倪康,0.89GB,HDSWEB,动漫,4k/2160p,,,,,,2020-05-07 16:21:34,2000,,,2020-05-11 23:47:48.111454
90586,mctary,135667,Soul Land 2018 WEB-DL 1080p H264 AAC-HDSWEB,斗罗大陆动画版 第102集 | 编剧：沈乐平 唐家三少 | 声优：沈磊 程玉珠 黄翔宇 王肖兵 倪康,0.53GB,HDSWEB,动漫,2K/1080p,,,,,,2020-05-07 16:22:39,2000,,,2020-05-11 23:47:48.111454
90586,mctary,135669,Serenade Of Peaceful Joy 2020 WEB-DL 1080p H264 AAC-HDSWEB,清平乐 第35-49集 | 主演：王凯 江疏影 任敏 杨玏 边程,7.3GB,HDSWEB,电视剧分集,2K/1080p,15,,,,,2020-05-07 16:34:48,30000,,,2020-05-11 23:47:48.111454
90586,mctary,135689,Serenade Of Peaceful Joy 2020 WEB-DL 4k H265 AAC-HDSWEB,清平乐 第35-49集 | 主演：王凯 江疏影 任敏 杨玏 边程,15.17GB,HDSWEB,电视剧分集,4k/2160p,15,,,,,2020-05-07 17:06:49,30000,,,2020-05-11 23:47:48.111454
90586,mctary,135941,The Chang An Youth 2020 WEB-DL 1080p H264 AAC-HDSWEB,长安少年行 第15-18集 | 主演：王玉雯 吴希泽 刘奕畅 谢彬彬 漆培鑫,3.66GB,HDSWEB,电视剧分集,2K/1080p,4,,,,,2020-05-09 18:34:01,8000,,,2020-05-11 23:47:48.111454
90586,mctary,135942,The Chang An Youth 2020 WEB-DL 4k H265 AAC-HDSWEB,长安少年行 第15-18集 | 主演：王玉雯 吴希泽 刘奕畅 谢彬彬 漆培鑫,5.5GB,HDSWEB,电视剧分集,4k/2160p,4,,,,,2020-05-09 18:38:17,8000,,,2020-05-11 23:47:48.111454
90586,mctary,135943,Serenade Of Peaceful Joy 2020 WEB-DL 1080p H264 AAC-HDSWEB,清平乐 第50-52集 | 主演：王凯 江疏影 任敏 杨玏 边程,1.34GB,HDSWEB,电视剧分集,2K/1080p,3,,,,,2020-05-09 18:45:28,6000,,,2020-05-11 23:47:48.111454
90586,mctary,135944,Serenade Of Peaceful Joy 2020 WEB-DL 4k H265 AAC-HDSWEB,清平乐 第50-52集 | 主演：王凯 江疏影 任敏 杨玏 边程,3.03GB,HDSWEB,电视剧分集,4k/2160p,3,,,,,2020-05-09 18:46:20,6000,,,2020-05-11 23:47:48.111454
90586,mctary,135945,Realize Our Dreams 2020 WEB-DL 4k H265 AAC-HDSWEB,我们在梦开始的地方/我们村的年轻人 第25-45集 | 主演：宋允皓 夏阳 刘继勋 王璇 翟万臣,28.39GB,HDSWEB,电视剧分集,4k/2160p,21,,,,,2020-05-09 19:05:01,42000,,,2020-05-11 23:47:48.111454
90586,mctary,135948,Iwagou Mitsuaki No Sekai Neko Aruki 2012 WEB-DL 4k H265 AAC-HDSWEB,岩合光昭的猫步走世界 第37-40集 | 主演: 岩合光昭 塚本高史,5.83GB,HDSWEB,纪录片,4k/2160p,4,,,,,2020-05-09 19:45:02,8000,,,2020-05-11 23:47:48.111454
90586,mctary,135976,Realize Our Dreams 2020 WEB-DL 4k H265 AAC-HDSWEB,我们在梦开始的地方/我们村的年轻人 全45集打包 | 主演：宋允皓 夏阳 刘继勋 王璇 翟万臣,64.26GB,HDSWEB,剧集（合集）,4k/2160p,,45,,,,2020-05-09 22:56:14,0,打包新资源无魔力,,2020-05-11 23:47:48.111454
90586,mctary,135977, High School Big Bang 2020 WEB-DL 1080p H265 AAC-HDSWEB,我成了他的班主任 全15集打包 | 主演: 陈怡馨 卢东旭 孙嘉琪 马昂 宋一雄,7.89GB,HDSWEB,剧集（合集）,2K/1080p,,15,,,,2020-05-09 23:01:10,0,打包新资源无魔力,,2020-05-11 23:47:48.111454
90586,mctary,136082,Soul Land 2018 WEB-DL 4k H265 AAC-HDSWEB,斗罗大陆动画版 第103集 | 编剧：沈乐平 唐家三少 | 声优：沈磊 程玉珠 黄翔宇 王肖兵 倪康,0.86GB,HDSWEB,动漫,4k/2160p,,,,,,2020-05-10 23:12:13,2000,,,2020-05-11 23:47:48.111454
90586,mctary,136083,Soul Land 2018 WEB-DL 1080p H264 AAC-HDSWEB,斗罗大陆动画版 第103集 | 编剧：沈乐平 唐家三少 | 声优：沈磊 程玉珠 黄翔宇 王肖兵 倪康,0.5GB,HDSWEB,动漫,2K/1080p,,,,,,2020-05-10 23:12:57,2000,,,2020-05-11 23:47:48.111454
90586,mctary,136086,Serenade Of Peaceful Joy 2020 WEB-DL 1080p H264 AAC-HDSWEB,清平乐 第53-54集 | 主演：王凯 江疏影 任敏 杨玏 边程,1.09GB,HDSWEB,电视剧分集,2K/1080p,2,,,,,2020-05-10 23:59:23,4000,,,2020-05-11 23:47:48.111454
90586,mctary,,,,,,,,,,,,,,,,180000,
62934,aiwa,134913,The Station of Former Wife 2010 WEB-DL 1080p H264 AAC-HDSWEB,前妻的车站  全30集 | 主演：江珊  周晓斌,36.22GB,HDSWEB,剧集（合集）,2K/1080p,,,30,,,2020-05-01 08:26:08,30000,,,2020-05-11 23:47:50.010174
62934,aiwa,134948,Double Sided Adhesive Tape 2007 WEB-DL 1080p H264 AAC-HDSWEB,双面胶  全22集 | 主演：海清  涂松岩  潘虹,32.36GB,HDSWEB,剧集（合集）,2K/1080p,,,22,,,2020-05-01 14:45:55,22000,,,2020-05-11 23:47:50.010174
62934,aiwa,134973,Magic Matin S01 2003 WEB-DL 1080p H264 AAC-HDSWEB,百变马丁1 / 百变马丁第一部 / 马丁的早晨  全52集,12.63GB,HDSWEB,动漫,2K/1080p,,,52,,,2020-05-01 22:24:49,52000,,,2020-05-11 23:47:50.010174
62934,aiwa,134974,Magic Matin S02 2015 WEB-DL 1080p H264 AAC-HDSWEB,百变马丁2 / 百变马丁第二部 / 马丁的早晨 全26集,7.87GB,HDSWEB,动漫,2K/1080p,,,26,,,2020-05-01 22:28:25,26000,,,2020-05-11 23:47:50.010174
62934,aiwa,134975,Magic Matin S03 2018 WEB-DL 1080p H264 AAC-HDSWEB,百变马丁3 / 百变马丁第三部 / 马丁的早晨  全26集,4.56GB,HDSWEB,动漫,2K/1080p,,,26,,,2020-05-01 22:32:08,26000,,,2020-05-11 23:47:50.010174
62934,aiwa,134977,Magic Matin S04 2018 WEB-DL 1080p H264 AAC-HDSWEB,百变马丁4 / 百变马丁第四部 / 马丁的早晨  全26集,3.39GB,HDSWEB,动漫,2K/1080p,,,26,,,2020-05-01 22:34:26,26000,,,2020-05-11 23:47:50.010174
62934,aiwa,134980,Magic Matin S05 2018 WEB-DL 1080p H264 AAC-HDSWEB,百变马丁5 / 百变马丁第五部 / 马丁的早晨  全26集,3.2GB,HDSWEB,动漫,2K/1080p,,,26,,,2020-05-01 22:43:31,26000,,,2020-05-11 23:47:50.010174
62934,aiwa,134982,Magic Matin S06 2020 WEB-DL 1080p H264 AAC-HDSWEB,百变马丁6 / 百变马丁第六部 / 马丁的早晨  全26集,3.63GB,HDSWEB,动漫,2K/1080p,,,26,,,2020-05-01 22:49:36,26000,,,2020-05-11 23:47:50.010174
62934,aiwa,135016,Military Medical 2009 WEB-DL 4k H265 AAC-HDSWEB,军医  全24集 | 主演：邓超  李小冉,33.16GB,HDSWEB,剧集（合集）,4k/2160p,,,24,,,2020-05-02 08:36:41,36000,,,2020-05-11 23:47:50.011174
62934,aiwa,135065,The Age of Iron 2011 WEB-DL 1080p H264 AAC-HDSWEB,钢铁年代  全37集 | 主演：陈宝国  冯远征,21.92GB,HDSWEB,剧集（合集）,2K/1080p,,,37,,,2020-05-02 13:43:56,37000,,,2020-05-11 23:47:50.011174
62934,aiwa,135096,Homeland 2014 WEB-DL 4k H265 AAC-HDSWEB,原乡  全31集 | 主演：陈宝国  张国立  奚美娟,37.76GB,HDSWEB,剧集（合集）,4k/2160p,,,31,,,2020-05-02 19:41:38,46500,,,2020-05-11 23:47:50.011174
62934,aiwa,135099,GON 2012 WEB-DL 1080p H264 AAC-HDSWEB,阿贡 / 小恐龙阿贡  全116集,23.16GB,HDSWEB,动漫,2K/1080p,,,116,,,2020-05-02 20:11:58,116000,,,2020-05-11 23:47:50.011174
62934,aiwa,135157,Family Property 2011 WEB-DL 4k H265 AAC-HDSWEB,家产  全36集 | 主演：刘莉莉  贾乃亮,52.79GB,HDSWEB,剧集（合集）,4k/2160p,,,36,,,2020-05-03 10:00:51,54000,,,2020-05-11 23:47:50.011174
62934,aiwa,135199,Invincible Belief 2016 WEB-DL 4k H265 AAC-HDSWEB,信者无敌  全36集 | 主演：陈宝国,50.75GB,HDSWEB,剧集（合集）,4k/2160p,,,36,,,2020-05-03 19:09:08,54000,,,2020-05-11 23:47:50.011174
62934,aiwa,135250,Butterfly Action 2011 WEB-DL 4k H265 AAC-HDSWEB,蝴蝶行动  全30集 | 主演：唐一菲  齐奎,49.02GB,HDSWEB,剧集（合集）,4k/2160p,,,30,,,2020-05-04 07:34:18,45000,,,2020-05-11 23:47:50.011174
62934,aiwa,135279,The Last Dance 2020 WEB-DL 1080p H264 AAC-HDSWEB,最后之舞  第05-06集 | 主演：迈克尔·乔丹  斯科蒂·皮蓬  丹尼斯·罗德曼  菲尔·杰克逊,2.15GB,HDSWEB,纪录片,2K/1080p,2,,,,,2020-05-04 12:34:49,4000,,,2020-05-11 23:47:50.011174
62934,aiwa,135301,Phoenix and Rose 2008 WEB-DL 4k H265 AAC-HDSWEB,凤穿牡丹  全38集 | 主演：李小冉  应采儿  刘恺威,37.14GB,HDSWEB,剧集（合集）,4k/2160p,,,38,,,2020-05-04 16:39:45,57000,,,2020-05-11 23:47:50.011174
62934,aiwa,135372,Qiao's Grand Courtyard 2006 WEB-DL 1080p H264 AAC-HDSWEB,乔家大院  全45集 | 主演：陈建斌  蒋勤勤,29.06GB,HDSWEB,剧集（合集）,2K/1080p,,,45,,,2020-05-05 09:15:26,45000,,,2020-05-11 23:47:50.011174
62934,aiwa,135403,Mother's Glorious Days 2013 WEB-DL 1080p H264 AAC-HDSWEB,妈妈的花样年华  全32集 | 主演：宋丹丹  林永健,21.72GB,HDSWEB,剧集（合集）,2K/1080p,,,32,,,2020-05-05 14:31:41,32000,,,2020-05-11 23:47:50.011174
62934,aiwa,135450,If Fall in Love 2011 WEB-DL 4k H265 AAC-HDSWEB,爱要有你才完美  全26集 | 主演：霍思燕  朱雨辰,28.85GB,HDSWEB,剧集（合集）,4k/2160p,,,26,,,2020-05-05 22:03:35,39000,,,2020-05-11 23:47:50.011174
62934,aiwa,135467,Family 2010 WEB-DL 4k H265 AAC-HDSWEB,瞧这一家子  全30集 | 主演：张嘉译  朱媛媛  彭玉,46.37GB,HDSWEB,剧集（合集）,4k/2160p,,,30,,,2020-05-06 06:55:41,45000,,,2020-05-11 23:47:50.011174
62934,aiwa,135642,Departed Heros 2011 WEB-DL 1080p H264 AAC-HDSWEB,远去的飞鹰  全30集 | 主演：朱亚文  姚笛,19.55GB,HDSWEB,剧集（合集）,2K/1080p,,,30,,,2020-05-07 11:07:37,30000,,,2020-05-11 23:47:50.011174
62934,aiwa,135647,Love Code 2011 WEB-DL 1080p H264 AAC-HDSWEB,幸福密码  全27集 | 主演：朱媛媛  辛柏青,17.08GB,HDSWEB,剧集（合集）,2K/1080p,,,27,,,2020-05-07 11:50:21,27000,,,2020-05-11 23:47:50.011174
62934,aiwa,135664,Vive Les Femmes 2016 WEB-DL 4k H265 AAC-HDSWEB,太太万岁  全42集 | 主演：闫妮  许亚军,47.83GB,HDSWEB,剧集（合集）,4k/2160p,,,42,,,2020-05-07 15:43:30,63000,,,2020-05-11 23:47:50.011174
62934,aiwa,135681,Go Fridge S06 2020 WEB-DL 1080p H264 AAC-HDSWEB,拜托了冰箱 第六季 / 拜托了冰箱(中国版) 第六季 第02期 | 主持人：何炅  王嘉尔  魏大勋,1.41GB,HDSWEB,综艺,2K/1080p,,,,,,2020-05-07 16:47:53,2000,,,2020-05-11 23:47:50.011174
62934,aiwa,135753,Waiting for Happiness 2007 WEB-DL 4k H265 AAC-HDSWEB,守候幸福  全26集 | 主演：李丁  杨立新,27.9GB,HDSWEB,剧集（合集）,4k/2160p,,,26,,,2020-05-08 08:43:30,39000,,,2020-05-11 23:47:50.011174
62934,aiwa,135771,My Natasha 2012 WEB-DL 4k H265 AAC-HDSWEB,我的娜塔莎  全41集 | 主演：朱亚文  伊莉莎,93.39GB,HDSWEB,剧集（合集）,4k/2160p,,,41,,,2020-05-08 10:42:49,61500,,,2020-05-11 23:47:50.011174
62934,aiwa,135792,The Good Fellas 2016 WEB-DL 4k H265 AAC-HDSWEB,好家伙  全45集 | 主演：张译  李晨  杨新鸣,41.36GB,HDSWEB,剧集（合集）,4k/2160p,,,45,,,2020-05-08 15:55:44,67500,,,2020-05-11 23:47:50.011174
62934,aiwa,135847,The Young Doctor 2014 WEB-DL 4k H265 AAC-HDSWEB,青年医生  全50集 | 主演：任重  张俪  张铎,48.85GB,HDSWEB,剧集（合集）,4k/2160p,,,50,,,2020-05-08 22:42:55,75000,,,2020-05-11 23:47:50.012173
62934,aiwa,135915,Qin Qing Shu 2004 WEB-DL 4k H265 AAC-HDSWEB,亲情树  全26集 | 主演：剧雪  董勇,30.63GB,HDSWEB,剧集（合集）,4k/2160p,,,26,,,2020-05-09 13:10:23,39000,,,2020-05-11 23:47:50.012173
62934,aiwa,135923,Defend Army Soul 2011 WEB-DL 1080p H264 AAC-HDSWEB,护国军魂传奇  全37集 | 主演：于荣光  张铁林  赵文瑄  谢君豪,55.71GB,HDSWEB,剧集（合集）,2K/1080p,,,37,,,2020-05-09 14:27:47,37000,,,2020-05-11 23:47:50.012173
62934,aiwa,135954,Nan Qiao Ji Gong Ying Xiong Zhuan 2015 WEB-DL 1080p H264 AAC-HDSWEB,南侨机工英雄传 / 铁血英雄路  全42集 | 主演：于荣光  秋瓷炫,36.87GB,HDSWEB,剧集（合集）,2K/1080p,,,42,,,2020-05-09 21:07:30,42000,,,2020-05-11 23:47:50.012173
62934,aiwa,135957,Fighting Youya 2009 WEB-DL 1080p H264 AAC-HDSWEB,加油优雅  全40集 | 主演：王丽坤  王雷,26.89GB,HDSWEB,剧集（合集）,2K/1080p,,,40,,,2020-05-09 22:15:06,40000,,,2020-05-11 23:47:50.012173
62934,aiwa,136015,Black Fox 2011 WEB-DL 4k H265 AAC-HDSWEB,黑狐  全38集 | 主演：张若昀  刘小锋  乔鹏樾 ,46.41GB,HDSWEB,剧集（合集）,4k/2160p,,,38,,,2020-05-10 12:29:09,57000,,,2020-05-11 23:47:50.012173
62934,aiwa,136049,Xue Zhan Chang Kong 2011 WEB-DL 1080p H264 AAC-HDSWEB,血战长空  全40集 | 主演：邵兵  沙溢,31.57GB,HDSWEB,剧集（合集）,2K/1080p,,,40,,,2020-05-10 16:10:26,40000,,,2020-05-11 23:47:50.012173
62934,aiwa,136062,13 Heroes 2008 WEB-DL 1080p H264 AAC-HDSWEB,十三省 / 闪亮军刀  全44集 | 主演：赵恒煊  孙鹏滨,54.69GB,HDSWEB,剧集（合集）,2K/1080p,,,44,,,2020-05-10 20:36:51,44000,,,2020-05-11 23:47:50.012173
62934,aiwa,136109,Duan Ci 2011 WEB-DL 1080p H264 AAC-HDSWEB,断刺  全32集 | 主演：柳云龙  童蕾,24.62GB,HDSWEB合集专用,剧集（合集）,2K/1080p,,,32,,,2020-05-11 07:30:17,32000,,,2020-05-11 23:47:50.012173
62934,aiwa,136145,The Last Dance 2020 WEB-DL 1080p H264 AAC-HDSWEB,最后之舞  第07-08集 | 主演：迈克尔·乔丹  斯科蒂·皮蓬  丹尼斯·罗德曼  菲尔·杰克逊,1.9GB,HDSWEB,纪录片,2K/1080p,2,,,,,2020-05-11 12:38:34,4000,,,2020-05-11 23:47:50.012173
62934,aiwa,136151,Immortal Feats 2007 WEB-DL 1080p H264 AAC-HDSWEB,功勋  全33集 | 主演：柳云龙  李小冉,19.23GB,HDSWEB合集专用,剧集（合集）,2K/1080p,,,33,,,2020-05-11 15:04:19,33000,,,2020-05-11 23:47:50.012173
62934,aiwa,136173,The Sea 2009 WEB-DL 1080p H264 AAC-HDSWEB,沧海  全48集 | 主演：尤勇  李幼斌  杜志国  何政军,45.08GB,HDSWEB合集专用,剧集（合集）,2K/1080p,,,48,,,2020-05-11 19:18:15,48000,,,2020-05-11 23:47:50.012173
62934,aiwa,,,,,,,,,,,,,,,,1625500,
90523,zhuxiansheng,135409,Beyond Scared Straight 2014 S07 WEB-DL 1080p H264 AAC-HDSWEB,牢狱之外   又名： 少年监狱之旅   第七季全16集 | 美国版变形记[变到监狱里那种],12.87GB,HDSWEB,纪录片,2K/1080p,,,16,,,2020-05-05 15:11:24,16000,,,2020-05-11 23:47:51.350892
90523,zhuxiansheng,,,,,,,,,,,,,,,,16000,
55413,jedyvip,134988,Kou Zhao Lie Ren 2020 WEB-DL 1080p H264 AAC-HDSWEB,口罩猎人  |   全8集,1.13GB,HDSWEB,纪录片,2K/1080p,,,8,,,2020-05-01 23:10:26,8000,,,2020-05-11 23:47:52.625510
55413,jedyvip,135073,Strive To Perfection 2017 S01 WEB-DL 1080p H264 AAC-HDSWEB,讲究  第一季  |   全8集,2.61GB,HDSWEB,纪录片,2K/1080p,,,8,,,2020-05-02 15:34:55,8000,,,2020-05-11 23:47:52.625510
55413,jedyvip,135075,Strive To Perfection 2017 S02 WEB-DL 1080p H264 AAC-HDSWEB,讲究  第二季  |   全8集,2.24GB,HDSWEB,纪录片,2K/1080p,,,8,,,2020-05-02 15:37:03,8000,,,2020-05-11 23:47:52.625510
55413,jedyvip,135077,Strive To Perfection 2018 S03 WEB-DL 4k H265 AAC-HDSWEB,讲究  第三季  |   全9集,5.33GB,HDSWEB,纪录片,4k/2160p,,,9,,,2020-05-02 15:40:54,13500,,,2020-05-11 23:47:52.626509
55413,jedyvip,135078,Strive To Perfection 2018 S04 WEB-DL 1080p H264 AAC-HDSWEB,讲究  第四季  |   全8集,2.08GB,HDSWEB,纪录片,2K/1080p,,,8,,,2020-05-02 15:44:44,8000,,,2020-05-11 23:47:52.626509
55413,jedyvip,135161,Tie Dao You Ji Dui 2005 WEB-DL 4k H265 AAC-HDSWEB,铁道游击队   |    全35集   【爱奇艺4k修复  经典抗战剧】,38.18GB,HDSWEB,剧集（合集）,4k/2160p,,,35,,,2020-05-03 10:57:38,52500,,,2020-05-11 23:47:52.626509
55413,jedyvip,135493,Xue Se Mi Wu 2009 WEB-DL 4k H265 AAC-HDSWEB,血色迷雾   |    全42集   【爱奇艺4k修复】,58.4GB,HDSWEB,剧集（合集）,4k/2160p,,,42,,,2020-05-06 10:41:26,63000,,,2020-05-11 23:47:52.626509
55413,jedyvip,135894,Zai Xiang Liu Luo Guo 1996 WEB-DL 4k H265 AAC-HDSWEB,宰相刘罗锅   |   全40集  【爱奇艺4k修复】,59.12GB,HDSWEB,剧集（合集）,4k/2160p,,,40,,,2020-05-09 11:14:55,60000,,,2020-05-11 23:47:52.626509
55413,jedyvip,135946,Nan Ren De Tian Tang 2007 WEB-DL 4k H265 AAC-HDSWEB,男人的天堂   |   全30集    【爱奇艺4k修复】 ,34.97GB,HDSWEB,剧集（合集）,4k/2160p,,,30,,,2020-05-09 19:07:57,45000,,,2020-05-11 23:47:52.626509
55413,jedyvip,136161,Wo Shi Te Zhong Bing 2011 WEB-DL 4k H265 AAC-HDSWEB,我是特种兵   |    全25集    【爱奇艺4k修复】,25.63GB,HDSWEB合集专用,剧集（合集）,4k/2160p,,,25,,,2020-05-11 16:46:52,37500,,,2020-05-11 23:47:52.626509
55413,jedyvip,,,,,,,,,,,,,,,,303500,
92502,minionslsz,134915,Hunting 2020 E31-E32 WEB-DL 1080p H264 AAC-HDSWEB,猎狐 第31-32集 | 王凯 王鸥 胡军,0.95GB,HDSWEB,电视剧分集,2K/1080p,2,,,,,2020-05-01 09:30:10,4000,,,2020-05-11 23:47:54.500615
92502,minionslsz,134927,Girls Up Extra S02E06 20200429 WEB-DL 4k H265 AAC-HDSWEB,青春加点戏 / 青春有你2衍生综艺 第06期,2.75GB,HDSWEB,综艺,4k/2160p,,,,,,2020-05-01 10:38:13,2000,,,2020-05-11 23:47:54.500615
92502,minionslsz,134946,Girls Up S02E15 20200430 WEB-DL 4k H265 AAC-HDSWEB,青春有你2 第15期 上下2集 | 嘉宾：蔡徐坤 Lisa 陈嘉桦 肖佳,3.23GB,HDSWEB,综艺,4k/2160p,2,,,,,2020-05-01 14:28:07,4000,,,2020-05-11 23:47:54.500615
92502,minionslsz,134947,I'm CZR S02E03 20200430 WEB-DL 1080p H264 AAC-HDSWEB,我是唱作人2/我是唱作人 第二季 第03期 | 嘉宾：张艺兴 郑钧 陈粒 GAI,1.87GB,HDSWEB,综艺,2K/1080p,2,,,,,2020-05-01 14:29:45,4000,,,2020-05-11 23:47:54.500615
92502,minionslsz,135025,Hunting 2020 E33-E34 WEB-DL 1080p H264 AAC-HDSWEB,猎狐 第33-34集 | 王凯 王鸥 胡军,1.22GB,HDSWEB,电视剧分集,2K/1080p,2,,,,,2020-05-02 10:17:45,4000,,,2020-05-11 23:47:54.500615
92502,minionslsz,135026,I'm CZR Bonus S02E03 20200501 WEB-DL 1080p H264 AAC-HDSWEB,开饭啦！唱作人2/我是唱作人2会员专享 第03期 | 嘉宾：张艺兴 郑钧 陈粒 GAI,0.79GB,HDSWEB,综艺,2K/1080p,,,,,,2020-05-02 10:34:36,2000,,,2020-05-11 23:47:54.500615
92502,minionslsz,135126,Hunting 2020 E35 WEB-DL 1080p H264 AAC-HDSWEB,猎狐 第35集 | 王凯 王鸥 胡军,0.56GB,HDSWEB,电视剧分集,2K/1080p,,,,,,2020-05-02 22:48:17,2000,,,2020-05-11 23:47:54.500615
92502,minionslsz,135128,My Sassy Deskmate 2020 WEB-DL 1080p H264 AAC-HDSWEB,你在我的右手边 第01-24集 （一次性放出全集） | 朱泳腾 李子雄 刘亚津,12.08GB,HDSWEB,剧集（合集）,2K/1080p,24,,,,,2020-05-02 22:55:51,48000,,,2020-05-11 23:47:54.500615
92502,minionslsz,135129,Girls Up Bonus S02E08 20200502 WEB-DL 4k H265 AAC-HDSWEB,青春有你2会员升级版  第08期,1.64GB,HDSWEB,综艺,4k/2160p,,,,,,2020-05-02 23:04:50,2000,,,2020-05-11 23:47:54.500615
92502,minionslsz,135181,Girls Up S02E16 20200502 WEB-DL 4k H265 AAC-HDSWEB,青春有你2 第16期 上下2集 | 嘉宾：蔡徐坤 Lisa 陈嘉桦 肖佳,4.39GB,HDSWEB,综艺,4k/2160p,2,,,,,2020-05-03 13:36:01,4000,,,2020-05-11 23:47:54.500615
92502,minionslsz,135183,Produce 101 E00-E01 Part 1 20200421-20200502 WEB-DL 1080p H264 AAC-HDSWEB,创造营2020  第00-01期（上） | 嘉宾：黄子韬 鹿晗 毛不易 宋茜 大张伟,5.91GB,HDSWEB,综艺,2K/1080p,2,,,,,2020-05-03 13:42:41,4000,,,2020-05-11 23:47:54.500615
92502,minionslsz,135184,Produce 101 Bonus E01 20200502 WEB-DL 1080p H264 AAC-HDSWEB,创造营2020评级全纪录 / 创造营2020 会员Bonus 第01期 | 嘉宾：黄子韬 鹿晗 毛不易 宋茜 大张伟,1.14GB,HDSWEB,综艺,2K/1080p,,,,,,2020-05-03 13:45:49,2000,,,2020-05-11 23:47:54.500615
92502,minionslsz,135210,Produce 101 E01 Part 2 20200503 WEB-DL 1080p H264 AAC-HDSWEB,创造营2020  第01期（下） | 嘉宾：黄子韬 鹿晗 毛不易 宋茜 大张伟,3.06GB,HDSWEB,综艺,2K/1080p,,,,,,2020-05-03 20:58:28,2000,,,2020-05-11 23:47:54.500615
92502,minionslsz,135212,Produce 101 2019 WEB-DL 1080p H264 AAC-HDSWEB,创造营2019 正片+会员Bonus  全112期 | 嘉宾：迪丽热巴 郭富城 苏有朋 黄立行 胡彦斌 张大大,95.06GB,HDSWEB,综艺,2K/1080p,,,112,,,2020-05-03 21:04:43,112000,,,2020-05-11 23:47:54.500615
92502,minionslsz,135239,Hunting 2020 E36-E37 WEB-DL 1080p H264 AAC-HDSWEB,猎狐 第36-37集 | 王凯 王鸥 胡军,1.21GB,HDSWEB,电视剧分集,2K/1080p,2,,,,,2020-05-04 00:54:31,4000,,,2020-05-11 23:47:54.500615
92502,minionslsz,135242,Produce 101 Bonus E02 20200503 WEB-DL 1080p H264 AAC-HDSWEB,创造营2020评级全纪录 / 创造营2020 会员Bonus 第02期 | 嘉宾：黄子韬 鹿晗 毛不易 宋茜 大张伟,1.16GB,HDSWEB,综艺,2K/1080p,,,,,,2020-05-04 01:38:29,2000,,,2020-05-11 23:47:54.500615
92502,minionslsz,135327,No 2 Middle School 2014 WEB-DL 720p H264 AAC-HDSWEB,茶啊二中  第一季 - 第四季 + 三部番外 全104集,6.96GB,HDSWEB,动漫,720p,,,104,,,2020-05-04 19:48:44,104000,,,2020-05-11 23:47:54.500615
92502,minionslsz,135339,Hunting 2020 E38 WEB-DL 1080p H264 AAC-HDSWEB,猎狐 第38集 | 王凯 王鸥 胡军,0.62GB,HDSWEB,电视剧分集,2K/1080p,,,,,,2020-05-04 22:54:40,2000,,,2020-05-11 23:47:54.500615
92502,minionslsz,135349,Shu Ling Ji 2019 WEB-DL 1080p H264 AAC-HDSWEB,书灵记 全30集,6.12GB,HDSWEB,动漫,2K/1080p,,,30,,,2020-05-05 00:04:16,30000,,,2020-05-11 23:47:54.500615
92502,minionslsz,135350,Cocosoul 2014 WEB-DL 1080p H264 AAC-HDSWEB,腾空的日子 全3集,1.47GB,HDSWEB,剧集（合集）,2K/1080p,,,3,,,2020-05-05 00:07:06,3000,,,2020-05-11 23:47:54.500615
92502,minionslsz,135353,The Black Troop The Arrival Of Deities 2019 WEB-DL 1080p H264 AAC-HDSWEB,雄兵连之诸天降临  全26集,8.08GB,HDSWEB,动漫,2K/1080p,,,26,,,2020-05-05 00:09:29,26000,,,2020-05-11 23:47:54.500615
92502,minionslsz,135354,Produce 101 Bonus E03 20200504 WEB-DL 1080p H264 AAC-HDSWEB,创造营2020评级全纪录 / 创造营2020 会员Bonus 第03期 | 嘉宾：黄子韬 鹿晗 毛不易 宋茜 大张伟,2.35GB,HDSWEB,综艺,2K/1080p,,,,,,2020-05-05 00:13:23,2000,,,2020-05-11 23:47:54.500615
92502,minionslsz,135355,Produce 101 Bonus E01 20200504 WEB-DL 1080p H264 AAC-HDSWEB,创可少女屋 / 创造营2020 会员Bonus 第01期 | 嘉宾：黄子韬 鹿晗 毛不易 宋茜 大张伟,0.37GB,HDSWEB,综艺,2K/1080p,,,,,,2020-05-05 00:15:18,2000,,,2020-05-11 23:47:54.500615
92502,minionslsz,135357,The Great Warrior Wall 2018 WEB-DL 1080p H264 AAC-HDSWEB,巨兵长城传 全40集,10.45GB,HDSWEB,动漫,2K/1080p,,,40,,,2020-05-05 03:56:20,40000,,,2020-05-11 23:47:54.500615
92502,minionslsz,135358,Deadly Response 2019 WEB-DL 1080p H264 AAC-HDSWEB,绝命响应 全30集,7.2GB,HDSWEB,动漫,2K/1080p,,,30,,,2020-05-05 04:04:36,30000,,,2020-05-11 23:47:54.500615
92502,minionslsz,135385,Tales From Journey To The West 2014 WEB-DL 4k H265 AAC-HDSWEB,西游记的故事  全52集 | 第20届上海电视节白玉兰奖,10.26GB,HDSWEB,动漫,4k/2160p,,,52,,,2020-05-05 10:49:49,78000,,,2020-05-11 23:47:54.500615
92502,minionslsz,135426,My Three Body S01-S02 WEB-DL 720p H264 AAC-HDSWEB,我的三体 第一季+第二季 全22集,4.54GB,HDSWEB,动漫,720p,,,22,,,2020-05-05 18:27:31,22000,,,2020-05-11 23:47:54.500615
92502,minionslsz,135452,Romance Of Three Kingdoms 2017 WEB-DL 1080p H264 AAC-HDSWEB,三国演义 动画 全60集,23.59GB,HDSWEB,动漫,2K/1080p,,,60,,,2020-05-05 22:20:51,60000,,,2020-05-11 23:47:54.500615
92502,minionslsz,135453,The Immortal Legend 2017 WEB-DL 1080p H264 AAC-HDSWEB,地灵曲  全43集,13.21GB,HDSWEB,动漫,2K/1080p,,,43,,,2020-05-05 22:22:59,43000,,,2020-05-11 23:47:54.500615
92502,minionslsz,135458,Hunting 2020 E39-E40 WEB-DL 1080p H264 AAC-HDSWEB,猎狐 第39-40集 | 王凯 王鸥 胡军,1.51GB,HDSWEB,电视剧分集,2K/1080p,2,,,,,2020-05-05 22:40:09,4000,,,2020-05-11 23:47:54.500615
92502,minionslsz,135566,Hunting 2020 E41-E42 WEB-DL 1080p H264 AAC-HDSWEB,猎狐 第41-42集 | 王凯 王鸥 胡军,1.18GB,HDSWEB,电视剧分集,2K/1080p,2,,,,,2020-05-06 22:12:29,4000,,,2020-05-11 23:47:54.500615
92502,minionslsz,135567,Produce 101 Bonus E02 20200506 WEB-DL 1080p H264 AAC-HDSWEB,创可少女屋 / 创造营2020 会员Bonus 第02期 | 嘉宾：黄子韬 鹿晗 毛不易 宋茜 大张伟,0.37GB,HDSWEB,综艺,2K/1080p,,,,,,2020-05-06 22:15:48,2000,,,2020-05-11 23:47:54.500615
92502,minionslsz,135568,Girls Up Extra S02E07 20200506 WEB-DL 4k H265 AAC-HDSWEB,青春加点戏 / 青春有你2衍生综艺 第07期,1.85GB,HDSWEB,综艺,4k/2160p,,,,,,2020-05-06 22:18:15,2000,,,2020-05-11 23:47:54.500615
92502,minionslsz,135704,I'm CZR S02E04 20200507 WEB-DL 1080p H264 AAC-HDSWEB,我是唱作人2/我是唱作人 第二季 第04期 | 嘉宾：张艺兴 郑钧 陈粒 GAI,2.51GB,HDSWEB,综艺,2K/1080p,2,,,,,2020-05-07 20:29:44,4000,,,2020-05-11 23:47:54.500615
92502,minionslsz,135729,Girls Up S02E17 20200507 WEB-DL 4k H265 AAC-HDSWEB,青春有你2 第17期 上下2集 | 嘉宾：蔡徐坤 Lisa 陈嘉桦 肖佳,3.25GB,HDSWEB,综艺,4k/2160p,2,,,,,2020-05-07 22:24:24,4000,,,2020-05-11 23:47:54.500615
92502,minionslsz,135730,Hunting 2020 E43-E44 WEB-DL 1080p H264 AAC-HDSWEB,猎狐 第43-44集 | 王凯 王鸥 胡军,1.28GB,HDSWEB,电视剧分集,2K/1080p,2,,,,,2020-05-07 22:26:02,4000,,,2020-05-11 23:47:54.500615
92502,minionslsz,135819,Hunting 2020 WEB-DL 1080p H264 AAC-HDSWEB,猎狐 全44集打包 | 王凯 王鸥 胡军,26.9GB,HDSWEB,剧集（合集）,2K/1080p,,44,,,,2020-05-08 20:32:48,0,打包新资源无魔力,,2020-05-11 23:47:54.500615
92502,minionslsz,135838,Produce 101 Bonus E03 20200508 WEB-DL 1080p H264 AAC-HDSWEB,创可少女屋 / 创造营2020 会员Bonus 第03期 | 嘉宾：黄子韬 鹿晗 毛不易 宋茜 大张伟,0.44GB,HDSWEB,综艺,2K/1080p,,,,,,2020-05-08 22:25:48,2000,,,2020-05-11 23:47:54.500615
92502,minionslsz,135846,I'm CZR Bonus S02E04 20200508 WEB-DL 1080p H264 AAC-HDSWEB,开饭啦！唱作人2/我是唱作人2会员专享 第04期 | 嘉宾：张艺兴 郑钧 陈粒 GAI,0.78GB,HDSWEB,综艺,2K/1080p,,,,,,2020-05-08 22:34:22,2000,,,2020-05-11 23:47:54.500615
92502,minionslsz,135849,No 2 Middle School 2018 S04 WEB-DL 1080p H264 AAC-HDSWEB,茶啊二中 第四季 全13集,3.17GB,HDSWEB,动漫,2K/1080p,,,13,,,2020-05-08 23:23:01,13000,,,2020-05-11 23:47:54.500615
92502,minionslsz,135853,Bian Di Shu Xiang 2020 E01-E02 WEB-DL 1080p H264 AAC-HDSWEB,遍地书香 第01-02集,1.35GB,HDSWEB,电视剧分集,2K/1080p,2,,,,,2020-05-09 00:30:36,4000,,,2020-05-11 23:47:54.500615
92502,minionslsz,135951,Produce 101 E02 Part 1 20200509 WEB-DL 1080p H264 AAC-HDSWEB,创造营2020  第02期（上） | 嘉宾：黄子韬 鹿晗 毛不易 宋茜 大张伟,2.64GB,HDSWEB,综艺,2K/1080p,,,,,,2020-05-09 21:00:20,2000,,,2020-05-11 23:47:54.500615
92502,minionslsz,135952,Produce 101 Bonus E04 20200509 WEB-DL 1080p H264 AAC-HDSWEB,创造营2020评级全纪录 / 创造营2020 会员Bonus 第04期 | 嘉宾：黄子韬 鹿晗 毛不易 宋茜 大张伟,0.93GB,HDSWEB,综艺,2K/1080p,,,,,,2020-05-09 21:01:55,2000,,,2020-05-11 23:47:54.500615
92502,minionslsz,135955,Girls Up Bonus S02E09 20200509 WEB-DL 4k H265 AAC-HDSWEB,青春有你2会员升级版  第09期,1.38GB,HDSWEB,综艺,4k/2160p,,,,,,2020-05-09 22:07:07,2000,,,2020-05-11 23:47:54.500615
92502,minionslsz,135982,Girls Up S02E18 20200509 WEB-DL 4k H265 AAC-HDSWEB,青春有你2 第18期 上下2集 | 嘉宾：蔡徐坤 Lisa 陈嘉桦 肖佳,4.81GB,HDSWEB,综艺,4k/2160p,2,,,,,2020-05-10 00:07:39,4000,,,2020-05-11 23:47:54.500615
92502,minionslsz,135983,Bian Di Shu Xiang 2020 E03 WEB-DL 1080p H264 AAC-HDSWEB,遍地书香 第03集,0.68GB,HDSWEB,电视剧分集,2K/1080p,,,,,,2020-05-10 00:24:15,2000,,,2020-05-11 23:47:54.500615
92502,minionslsz,136060,Produce 101 E02 Part 2 20200510 WEB-DL 1080p H264 AAC-HDSWEB,创造营2020  第02期（下） | 嘉宾：黄子韬 鹿晗 毛不易 宋茜 大张伟,2.71GB,HDSWEB,综艺,2K/1080p,,,,,,2020-05-10 20:21:16,2000,,,2020-05-11 23:47:54.500615
92502,minionslsz,136075,Produce 101 Bonus E05 20200510 WEB-DL 1080p H264 AAC-HDSWEB,创造营2020评级全纪录 / 创造营2020 会员Bonus 第05期 | 嘉宾：黄子韬 鹿晗 毛不易 宋茜 大张伟,1.4GB,HDSWEB,综艺,2K/1080p,,,,,,2020-05-10 21:47:48,2000,,,2020-05-11 23:47:54.500615
92502,minionslsz,136085,Crosstalk Of Guo Degang 2013 WEB-DL 4k H265 AAC-HDSWEB,郭德纲相声动画版  全819集,317.18GB,HDSWEB,动漫,4k/2160p,,,819,,,2020-05-10 23:57:06,1228500,,,2020-05-11 23:47:54.500615
92502,minionslsz,136089,Bian Di Shu Xiang 2020 E04-E05 WEB-DL 1080p H264 AAC-HDSWEB,遍地书香 第04-05集,1.32GB,HDSWEB,电视剧分集,2K/1080p,2,,,,,2020-05-11 00:59:24,4000,,,2020-05-11 23:47:54.500615
92502,minionslsz,,,,,,,,,,,,,,,,1937500,
21368,shen8888,134934,The Road Of Light 2018 WEB-DL 4k H265 AAC-HDSWEB,诚忠堂 全40集 | 主演：张博 童瑶,46.96GB,HDSWEB,剧集（合集）,4k/2160p,,,40,,,2020-05-01 11:08:15,60000,,,2020-05-11 23:47:55.831135
21368,shen8888,134986,Demons And Gods 2017 WEB-DL 4k H265 AAC-HDSWEB,妖神记 全80集,17.35GB,HDSWEB,动漫,4k/2160p,,,80,,,2020-05-01 23:03:22,120000,,,2020-05-11 23:47:55.831135
21368,shen8888,134987,Da Song Ti Xing Guan2 2006 WEB-DL 4k H265 AAC-HDSWEB,大宋提刑官第二部  全41集 | 主演: 王庆祥 陶泽如,44.53GB,HDSWEB,剧集（合集）,4k/2160p,,,41,,,2020-05-01 23:09:54,61500,,,2020-05-11 23:47:55.831135
21368,shen8888,135055, Doraemon 2017 WEB-DL 4k H265 AAC-HDSWEB,哆啦A梦第5季 全104集,24.67GB,HDSWEB,动漫,4k/2160p,,,104,,,2020-05-02 12:41:18,156000,,,2020-05-11 23:47:55.831135
21368,shen8888,135127,Truth And Trust 2015 WEB-DL 4k H265 AAC-HDSWEB,后海不是海 全40集 | 主演：张嘉译 倪大红,52.01GB,HDSWEB,剧集（合集）,4k/2160p,,,40,,,2020-05-02 22:48:49,60000,,,2020-05-11 23:47:55.831135
21368,shen8888,135130,Zombie Dumb 2016 WEB-DL 4k H265 AAC-HDSWEB,逗比僵尸第1季 全60集,6.36GB,HDSWEB,动漫,4k/2160p,,,60,,,2020-05-02 23:19:03,90000,,,2020-05-11 23:47:55.831135
21368,shen8888,135194,Zombie Dumb 2018 WEB-DL 4k H265 AAC-HDSWEB,逗比僵尸第2季 全52集,8.21GB,HDSWEB,动漫,4k/2160p,,,52,,,2020-05-03 15:27:13,78000,,,2020-05-11 23:47:55.831135
21368,shen8888,135233,The Golden Water Bridge 2016 WEB-DL 4k H265 AAC-HDSWEB,金水桥边 全52集 主演:黄志忠 倪大红 李乃文,69.57GB,HDSWEB,剧集（合集）,4k/2160p,,,52,,,2020-05-03 23:21:24,78000,,,2020-05-11 23:47:55.831135
21368,shen8888,135302,BLEACH 2004 WEB-DL 4k H265 AAC-HDSWEB,死神 全366集,160.73GB,HDSWEB,动漫,4k/2160p,,,366,,,2020-05-04 16:50:41,549000,,,2020-05-11 23:47:55.831135
21368,shen8888,135461,Transformers 1984-1987 WEB-DL 4k H265 AAC-HDSWEB,变形金刚第一代合集 全99集 | 【经典】,69.57GB,HDSWEB,动漫,4k/2160p,,,99,,,2020-05-05 23:23:14,148500,,,2020-05-11 23:47:55.831135
21368,shen8888,135497,Hikaru No Go 2001 WEB-DL 4k H265 AAC-HDSWEB,棋魂 全75集 | 【经典】,39.19GB,HDSWEB,动漫,4k/2160p,,,77,,,2020-05-06 11:18:02,115500,,,2020-05-11 23:47:55.831135
21368,shen8888,135561,Lion King Lyon 2014 WEB-DL 4k H265 AAC-HDSWEB,狮子王里昂 全52集,4.34GB,HDSWEB,动漫,4k/2160p,,,52,,,2020-05-06 22:01:41,78000,,,2020-05-11 23:47:55.831135
21368,shen8888,135655,Transformers Cybertron 2005 WEB-DL 4k H265 AAC-HDSWEB,变形金刚赛博坦之谜 全52集,35.23GB,HDSWEB,动漫,4k/2160p,,,52,,,2020-05-07 13:36:54,78000,,,2020-05-11 23:47:55.831135
21368,shen8888,135716,Transformers Rescue Bots 2014 WEB-DL 4k H265 AAC-HDSWEB,变形金刚救援机器人第1季 全26集,16.26GB,HDSWEB,动漫,4k/2160p,,,26,,,2020-05-07 21:29:18,39000,,,2020-05-11 23:47:55.832132
21368,shen8888,135782,Shugokyara 2007 WEB-DL 1080p H264 AAC-HDSWEB,守护甜心 全51集,8.99GB,HDSWEB,动漫,2K/1080p,,,51,,,2020-05-08 12:53:10,51000,,,2020-05-11 23:47:55.832132
21368,shen8888,135848,Shugokyara Doki 2008 WEB-DL 1080p H264 AAC-HDSWEB,守护甜心心跳 全51集,10.57GB,HDSWEB,动漫,4k/2160p,,,51,,,2020-05-08 22:43:53,76500,,,2020-05-11 23:47:55.832132
21368,shen8888,135902,Shugokyara Party 2009 WEB-DL 4k H265 AAC-HDSWEB,守护甜心派对 全25集,16.02GB,HDSWEB,动漫,4k/2160p,,,25,,,2020-05-09 12:03:46,37500,,,2020-05-11 23:47:55.832132
21368,shen8888,135974,Kureyon Shin Chan 2014 WEB-DL 4k H265 AAC-HDSWEB,蜡笔小新第6季 全156集,22.6GB,HDSWEB,动漫,4k/2160p,,,156,,,2020-05-09 22:42:54,234000,,,2020-05-11 23:47:55.832132
21368,shen8888,136021,Kung Fu Chicken 2014 WEB-DL 4k H265 AAC-HDSWEB,功夫鸡 全104集,13.88GB,HDSWEB,动漫,4k/2160p,,,104,,,2020-05-10 13:24:03,156000,,,2020-05-11 23:47:55.832132
21368,shen8888,136055,Pri Para 2014 WEB-DL 1080p H264 AAC-HDSWEB,美妙天堂第一季 全38集,13.66GB,HDSWEB,动漫,2K/1080p,,,38,,,2020-05-10 18:17:07,38000,,,2020-05-11 23:47:55.832132
21368,shen8888,136080,Beryl And Sapphire 2018 WEB-DL 4k H265 AAC-HDSWEB,小绿和小蓝 全86集,23.86GB,HDSWEB,动漫,4k/2160p,,,86,,,2020-05-10 23:01:36,129000,,,2020-05-11 23:47:55.832132
21368,shen8888,136137,The New Tom Jerry Show 2014 WEB-DL 4k H265 AAC-HDSWEB,猫和老鼠 全157集,28.24GB,HDSWEB合集专用,动漫,4k/2160p,,,157,,,2020-05-11 11:39:37,235500,,,2020-05-11 23:47:55.832132
21368,shen8888,,,,,,,,,,,,,,,,2669000,
90463,DSD1024,135388,Candle in the Tomb The Lost Caverns 2020 WEB-DL 4k H265 AAC-HDSWEB,龙岭迷窟 / 鬼吹灯之龙岭迷窟 全18集 | 主演：潘粤明 张雨绮 [无广告/内封简繁软字幕],21.44GB,HDSWEB,剧集（合集）,4k/2160p,,,18,,,2020-05-05 11:09:45,27000,,,2020-05-11 23:47:57.134285
90463,DSD1024,135415,Xiao Bai Cai Evaluated 2012 WEB-DL 4k 50fps H265 AAC-HDSWEB,小白菜奇案 / 杨乃武与小白菜冤案 全33集 | 主演：李保田 陈瑾,86.55GB,HDSWEB,剧集（合集）,4k/2160p,,,33,,,2020-05-05 15:35:52,49500,,,2020-05-11 23:47:57.134285
90463,DSD1024,135436,Natsume's Book of Friends The Movie Tied to the Temporal World 2018 WEB-DL 4k 50fps H265 AAC-HDSWEB,夏目友人帐 | 主演: 神谷浩史 井上和彦 [日语中字],14.64GB,HDSWEB,电影,4k/2160p,,,,,,2020-05-05 20:45:36,3000,,,2020-05-11 23:47:57.134285
90463,DSD1024,135443,Cock and Bull 2016 WEB-DL 4k H265 AAC-HDSWEB,追凶者也 / 吊水岩杀人事件 / 边城凶案 | 主演: 刘烨 张译,8.21GB,HDSWEB,电影,4k/2160p,,,,,,2020-05-05 21:13:24,2000,,,2020-05-11 23:47:57.134285
90463,DSD1024,135512,Once Upon A Bite S02 2020 WEB-DL 4k H265 AAC-HDSWEB,风味人间2 / 风味人间 第二季 第2集 | 导演: 陈晓卿 [追寻风味的旅途中 我们再次相逢],1.39GB,HDSWEB,纪录片,4k/2160p,,,,,,2020-05-06 14:11:28,2000,,,2020-05-11 23:47:57.134285
90463,DSD1024,135517,Forget You Remember Love 2020 WEB-DL 4k H265 AAC-HDSWEB,忘记你，记得爱情 / 王子变青蛙 | 全38集 | 主演: 邢菲 金泽,36.27GB,HDSWEB,剧集（合集）,4k/2160p,,,38,,,2020-05-06 15:33:55,57000,,,2020-05-11 23:47:57.134285
90463,DSD1024,135538,Go Away Mr Tumor 2015 WEB-DL 4k 50fps H265 AAC-HDSWEB,滚蛋吧！肿瘤君 | 主演：白百何 吴彦祖,17.35GB,HDSWEB,电影,4k/2160p,,,,,,2020-05-06 17:11:11,3000,,,2020-05-11 23:47:57.134285
90463,DSD1024,135539,Meeting Evil 2012 WEB-DL 4k HDR 50fps H265 10bit AAC-HDSWEB,遇见恶魔 / 当魔鬼来敲门 / 见见恶魔 | 主演：塞缪尔·杰克逊 莱丝莉·比伯 [英语中字],12.36GB,HDSWEB,电影,4k/2160p,,,,,,2020-05-06 17:37:29,3000,,,2020-05-11 23:47:57.134285
90463,DSD1024,135558,The Last Dance 2020 WEB-DL 4k H265 AAC-HDSWEB,最后之舞 / 最后一舞 / 篮球之神的霸气生涯(台) 第05-06集 | 主演：迈克尔·乔丹 斯科蒂·皮蓬 [英语中字],3.54GB,HDSWEB,纪录片,4k/2160p,2,,,,,2020-05-06 21:41:56,4000,,,2020-05-11 23:47:57.134285
90463,DSD1024,135559,The Secret Life Of Kids 2020 WEB-DL 4k H265 AAC-HDSWEB,小孩的神秘生活 | 第6-8集 | 主演: 昂米诺 白曼可,3.65GB,HDSWEB,纪录片,4k/2160p,3,,,,,2020-05-06 21:50:03,6000,,,2020-05-11 23:47:57.134285
90463,DSD1024,135560,Go Fridge S06 2020 WEB-DL 4k H265 AAC-HDSWEB,拜托了冰箱 第六季 第02期 | 主持人：何炅 王嘉尔 魏大勋,2.37GB,HDSWEB,综艺,4k/2160p,,,,,,2020-05-06 22:01:09,2000,,,2020-05-11 23:47:57.134285
90463,DSD1024,135563,The Starry 2020 WEB-DL 4k H265 AAC-HDSWEB,抬头有星光 / 假面娇妻 / 曼陀花开 全40集 | 主演: 牛子藩  刘佳,31.41GB,HDSWEB,剧集（合集）,4k/2160p,,,40,,,2020-05-06 22:09:55,60000,,,2020-05-11 23:47:57.134285
90463,DSD1024,135672,Always Miss You 2019 WEB-DL 4k 50fps H265 AAC-HDSWEB,下一任：前任 | 主演：郭采洁 郑恺,13.84GB,HDSWEB,电影,4k/2160p,,,,,,2020-05-07 16:41:19,3000,,,2020-05-11 23:47:57.134285
90463,DSD1024,135686,I'll Wait for You 2020 WEB-DL 4k H265 AAC-HDSWEB,我在耀瓷小镇等你 | 主演：唐昕 孙霆,5.87GB,HDSWEB,电影,4k/2160p,,,,,,2020-05-07 17:01:23,2000,,,2020-05-11 23:47:57.134285
90463,DSD1024,135727,Good Wife 2020 WEB-DL 4k H265 AAC-HDSWEB,好妻子 第1-10集 | 导演: 姚芊羽 李威 ,9.24GB,HDSWEB,电视剧分集,4k/2160p,10,,,,,2020-05-07 22:16:53,20000,,,2020-05-11 23:47:57.134285
90463,DSD1024,135901,Antz 1998 WEB-DL 4k H265 AAC-HDSWEB,蚁哥正传 / 小蚁雄兵 / 蚂蚁 | 主演: 伍迪·艾伦 丹·艾克罗伊德 [国语无字],8.89GB,HDSWEB,电影,4k/2160p,,,,,,2020-05-09 11:37:16,2000,,,2020-05-11 23:47:57.134285
90463,DSD1024,135939,The Inquiry in 1938 2018 V2 WEB-DL 4k H265 AAC-HDSWEB,密查 / 密查1938 全39集 | 主演：郑凯 邓莎 [高码版],98.39GB,HDSWEB,剧集（合集）,4k/2160p,,,39,,,2020-05-09 18:03:21,58500,,,2020-05-11 23:47:57.134285
90463,DSD1024,136079,Once Upon A Bite S02 2020 WEB-DL 4k H265 AAC-HDSWEB,风味人间2 / 风味人间 第二季 第3集 | 导演: 陈晓卿 [追寻风味的旅途中 我们再次相逢],2.0GB,HDSWEB,纪录片,4k/2160p,,,,,,2020-05-10 22:40:55,2000,,,2020-05-11 23:47:57.134285
90463,DSD1024,136127,The Crossing 2018 WEB-DL 4k H265 DD+2.0-HDSWEB,过春天 / 佩佩 / 分隔线 | 主演：黄尧 孙阳  [国语中字],17.19GB,HDSWEB,电影,4k/2160p,,,,,,2020-05-11 10:58:18,3000,,,2020-05-11 23:47:57.134285
90463,DSD1024,136133,A Fishboy's Story Tortoise from the Sea 2019 WEB-DL 4k H265 DD2.0-HDSWEB,江海渔童之巨龟奇缘 / 江海渔童 | 主演：杨光普照 张磊 [国语中字],13.78GB,HDSWEB,电影,4k/2160p,,,,,,2020-05-11 11:20:19,3000,,,2020-05-11 23:47:57.134285
90463,DSD1024,136136,Love You 2019 WEB-DL 4k H265 DD2.0-HDSWEB,我们的爱情 | 主演：戴韩安妮 刘冠男 [国语中字,15.19GB,HDSWEB,电影,4k/2160p,,,,,,2020-05-11 11:38:18,3000,,,2020-05-11 23:47:57.134285
90463,DSD1024,136143,Kill Mobile 2018 WEB-DL 4k H265 DD2.0-HDSWEB,来电狂响 | 主演：佟大为 马丽 [国语中字],17.57GB,HDSWEB,电影,4k/2160p,,,,,,2020-05-11 12:27:03,3000,,,2020-05-11 23:47:57.134285
90463,DSD1024,136144,The Last Dance 2020 WEB-DL 4k H265 AAC-HDSWEB,最后之舞 / 最后一舞 / 篮球之神的霸气生涯(台) 第07-08集 | 主演：迈克尔·乔丹 斯科蒂·皮蓬 [英语中字],2.91GB,HDSWEB,纪录片,4k/2160p,2,,,,,2020-05-11 12:38:15,4000,,,2020-05-11 23:47:57.134285
90463,DSD1024,136157,Unforgivable Sin 2019 WEB-DL 4k H265 DD2.0-HDSWEB,逆罪 | 主演：李岷城 彭高唱 [国语中字],17.12GB,HDSWEB,电影,4k/2160p,,,,,,2020-05-11 15:46:36,3000,,,2020-05-11 23:47:57.134285
90463,DSD1024,136162,Mystery of Antiques S02 2020 V2 WEB-DL 4k H265 AAC-HDSWEB,古董局中局Ⅱ：鉴墨寻瓷 第1-8集  | 主演: 夏雨 魏晨 [无广告/内封简繁软字幕],7.22GB,HDSWEB,电视剧分集,4k/2160p,8,,,,,2020-05-11 16:47:50,16000,,,2020-05-11 23:47:57.135285
90463,DSD1024,,,,,,,,,,,,,,,,341000,
85008,HDSWEB,134968,Beautiful Reborn Flower 2020 WEB-DL 4k H265 AAC-HDSWEB,彼岸花 第01-02集|主演: 林允 宋威龙 何润东 王耀庆 李心艾 [国语中字],2.51GB,HDSWEB,电视剧分集,4k/2160p,2,,,,,2020-05-01 21:28:51,4000,,,2020-05-11 23:47:58.987487
85008,HDSWEB,134969,Beautiful Reborn Flower 2020 WEB-DL 1080p H264 AAC-HDSWEB,彼岸花 第01-02集|主演: 林允 宋威龙 何润东 王耀庆 李心艾 [国语中字],1.62GB,HDSWEB,电视剧分集,2K/1080p,2,,,,,2020-05-01 21:42:19,4000,,,2020-05-11 23:47:58.987487
85008,HDSWEB,134989,Airport Security Unit 2020 WEB-DL 1080p H264 AAC 2Audio-HDSWEB,机场特警 第25集｜主演: 张振朗  蔡思贝  杨明  邓佩仪  汤洛雯 [国粤双语中文字幕],0.79GB,HDSWEB,电视剧分集,2K/1080p,,,,是,,2020-05-01 23:21:17,2000,,,2020-05-11 23:47:58.987487
85008,HDSWEB,134993,Airport Security Unit 2020 WEB-DL 1080p H264 AAC 2Audio-HDSWEB,机场特警 全25集打包｜主演: 张振朗  蔡思贝  杨明  邓佩仪  汤洛雯 [国粤双语中文字幕],19.8GB,HDSWEB,剧集（合集）,2K/1080p,,25,,是,,2020-05-01 23:52:10,0,打包新资源无魔力,,2020-05-11 23:47:58.987487
85008,HDSWEB,135015,The House on the Slope 2019 WEB-DL 1080p H264 AAC-HDSWEB,坡道上的家/坡道途中的家 全6集打包|主演: 柴崎幸 水野美纪 伊藤步,3.32GB,HDSWEB,剧集（合集）,2K/1080p,,6,,,,2020-05-02 08:35:15,0,打包新资源无魔力,,2020-05-11 23:47:58.987487
85008,HDSWEB,135084,Realize Our Dreams 2020 WEB-DL 1080p H264 AAC-HDSWEB,我们在梦开始的地方/我们村的年轻人 第38－41集 |主演: 宋允皓 夏阳 刘继勋 王璇 [国语中字],5.84GB,HDSWEB,电视剧分集,2K/1080p,4,,,,,2020-05-02 17:44:01,8000,,,2020-05-11 23:47:58.987487
85008,HDSWEB,135100,I Love You My Country 2020 WEB-DL 4K H265 AAC-HDSWEB,天涯热土 第01-20集 |主演: 凌潇肃 啜妮 陈维涵 宋晨 李净洋　[国语中字] ,26.35GB,HDSWEB,电视剧分集,4k/2160p,20,,,,,2020-05-02 20:15:48,40000,,,2020-05-11 23:47:58.987487
85008,HDSWEB,135118,I Love You My Country 2020 WEB-DL 1080p H264 AAC-HDSWEB,天涯热土 第01-20集 |主演: 凌潇肃 啜妮 陈维涵 宋晨 李净洋　[国语中字] ,26.67GB,HDSWEB,电视剧分集,2K/1080p,20,,,,,2020-05-02 22:00:06,40000,,,2020-05-11 23:47:58.987487
85008,HDSWEB,135119,Beautiful Reborn Flower 2020 WEB-DL 1080p H264 AAC-HDSWEB,彼岸花 第03-10集|主演: 林允 宋威龙 何润东 王耀庆 李心艾 [国语中字],5.1GB,HDSWEB,电视剧分集,2K/1080p,8,,,,,2020-05-02 22:02:56,16000,,,2020-05-11 23:47:58.987487
85008,HDSWEB,135121,Beautiful Reborn Flower 2020 WEB-DL 4k H265 AAC-HDSWEB,彼岸花 第03-10集|主演: 林允 宋威龙 何润东 王耀庆 李心艾 [国语中字],11.87GB,HDSWEB,电视剧分集,4k/2160p,8,,,,,2020-05-02 22:04:00,16000,,,2020-05-11 23:47:58.987487
85008,HDSWEB,135166,Always Warm 2020 S01 WEB-DL 4K H265 AAC-HDSWEB,一路向暖 第一季 *全12集打包 |* 主演:苏梦芸 范晓东,4.87GB,HDSWEB,剧集（合集）,4k/2160p,,11,,,,2020-05-03 11:46:51,0,打包新资源无魔力,,2020-05-11 23:47:58.987487
85008,HDSWEB,135167,Always Warm 2020 S01 WEB-DL 1080p H265 AAC-HDSWEB,一路向暖 第一季 *全12集打包 |* 主演:苏梦芸 范晓东,7.62GB,HDSWEB,剧集（合集）,2K/1080p,,12,,,,2020-05-03 11:49:24,0,打包新资源无魔力,,2020-05-11 23:47:58.987487
85008,HDSWEB,135168,Always Warm 2020 S02 WEB-DL 4K H265 AAC-HDSWEB,一路向暖 第二季 *全12集打包 |* 主演:苏梦芸 范晓东,6.81GB,HDSWEB,剧集（合集）,4k/2160p,,12,,,,2020-05-03 11:51:30,0,打包新资源无魔力,,2020-05-11 23:47:58.987487
85008,HDSWEB,135169,Always Warm 2020 S02 WEB-DL 1080p H265 AAC-HDSWEB,一路向暖 第二季 *全12集打包 |* 主演:苏梦芸 范晓东,9.32GB,HDSWEB,剧集（合集）,2K/1080p,,12,,,,2020-05-03 11:53:08,0,打包新资源无魔力,,2020-05-11 23:47:58.987487
85008,HDSWEB,135208,I Love You My Country 2020 WEB-DL 1080p H264 AAC-HDSWEB,天涯热土 第21-22集 |主演: 凌潇肃 啜妮 陈维涵 宋晨 李净洋　[国语中字] ,2.7GB,HDSWEB,电视剧分集,2K/1080p,2,,,,,2020-05-03 20:25:58,4000,,,2020-05-11 23:47:58.988487
85008,HDSWEB,135217,I Love You My Country 2020 WEB-DL 4K H265 AAC-HDSWEB,天涯热土 第21-22集 |主演: 凌潇肃 啜妮 陈维涵 宋晨 李净洋　[国语中字] ,2.54GB,HDSWEB,电视剧分集,4k/2160p,2,,,,,2020-05-03 21:23:33,4000,,,2020-05-11 23:47:58.988487
85008,HDSWEB,135219,Beautiful Reborn Flower 2020 WEB-DL 1080p H264 AAC-HDSWEB,彼岸花 第11-14集|主演: 林允 宋威龙 何润东 王耀庆 李心艾 [国语中字],2.39GB,HDSWEB,电视剧分集,2K/1080p,4,,,,,2020-05-03 21:26:02,8000,,,2020-05-11 23:47:58.988487
85008,HDSWEB,135220,Beautiful Reborn Flower 2020 WEB-DL 4k H265 AAC-HDSWEB,彼岸花 第11-14集|主演: 林允 宋威龙 何润东 王耀庆 李心艾 [国语中字],5.87GB,HDSWEB,电视剧分集,4k/2160p,4,,,,,2020-05-03 21:27:09,8000,,,2020-05-11 23:47:58.988487
85008,HDSWEB,135229,Jue Jing Zhu Jian 2019 WEB-DL 1080p H264 AAC-HDSWEB,绝境铸剑 全36集打包 | 主演: 张桐 彭冠英 王乐君 潘雨辰 何蓝逗 国语中字 无水印版,35.55GB,HDSWEB,剧集（合集）,2K/1080p,,36,,,,2020-05-03 22:48:00,0,打包新资源无魔力,,2020-05-11 23:47:58.988487
85008,HDSWEB,135300,Realize Our Dreams 2020 WEB-DL 1080p H264 AAC-HDSWEB,我们在梦开始的地方/我们村的年轻人 第42－44集 |主演: 宋允皓 夏阳 刘继勋 王璇 [国语中字],4.3GB,HDSWEB,电视剧分集,2K/1080p,3,,,,,2020-05-04 15:39:59,6000,,,2020-05-11 23:47:58.988487
85008,HDSWEB,135345,The General to Soldiers 2011 WEB-DL 1080p H264 AAC-HDSWEB,从将军到士兵   第01-26集|主演: 于荣光 吕丽萍,47.51GB,HDSWEB,电视剧分集,2K/1080p,26,,,,,2020-05-04 23:43:54,52000,,,2020-05-11 23:47:58.988487
85008,HDSWEB,135351,Tornado Girl 2015 S01 WEB-DL 1080p H264 AAC-HDSWEB,旋风少女 第一季 全32集打包 | 导演：成志超 主演：胡冰卿 杨洋 白敬亭 [国语中字],22.23GB,HDSWEB,剧集（合集）,2K/1080p,,32,,,,2020-05-05 00:08:11,0,打包新资源无魔力,,2020-05-11 23:47:58.988487
85008,HDSWEB,135361,Realize Our Dreams 2020 WEB-DL 1080p H264 AAC-HDSWEB,我们在梦开始的地方/我们村的年轻人 第45集 |主演: 宋允皓 夏阳 刘继勋 王璇 [国语中字],1.47GB,HDSWEB,电视剧分集,2K/1080p,,,,,,2020-05-05 06:45:15,2000,,,2020-05-11 23:47:58.988487
85008,HDSWEB,135384,Realize Our Dreams 2020 WEB-DL 1080p H264 AAC-HDSWEB,我们在梦开始的地方/我们村的年轻人 全45集打包 |主演: 宋允皓 夏阳 刘继勋 王璇 [国语中字],66.59GB,HDSWEB,剧集（合集）,2K/1080p,,45,,,,2020-05-05 10:37:47,0,打包新资源无魔力,,2020-05-11 23:47:58.988487
85008,HDSWEB,135569,Beautiful Reborn Flower 2020 WEB-DL 4k H265 AAC-HDSWEB,彼岸花 第15-16集|主演: 林允 宋威龙 何润东 王耀庆 李心艾 [国语中字],2.91GB,HDSWEB,电视剧分集,4k/2160p,2,,,,,2020-05-06 22:23:32,4000,,,2020-05-11 23:47:58.988487
85008,HDSWEB,135570,Beautiful Reborn Flower 2020 WEB-DL 1080p H264 AAC-HDSWEB,彼岸花 第15-16集|主演: 林允 宋威龙 何润东 王耀庆 李心艾 [国语中字],1.18GB,HDSWEB,电视剧分集,2K/1080p,2,,,,,2020-05-06 22:36:29,4000,,,2020-05-11 23:47:58.988487
85008,HDSWEB,135577,The General to Soldiers 2011 WEB-DL 1080p H264 AAC-HDSWEB,从将军到士兵   第27-30集|主演: 于荣光 吕丽萍,7.36GB,HDSWEB,电视剧分集,2K/1080p,4,,,,,2020-05-06 23:06:52,8000,,,2020-05-11 23:47:58.988487
85008,HDSWEB,135578,I Love You My Country 2020 WEB-DL 4K H265 AAC-HDSWEB,天涯热土 第23-26集 |主演: 凌潇肃 啜妮 陈维涵 宋晨 李净洋　[国语中字] ,4.69GB,HDSWEB,电视剧分集,4k/2160p,4,,,,,2020-05-06 23:11:17,8000,,,2020-05-11 23:47:58.988487
85008,HDSWEB,135586,I Love You My Country 2020 WEB-DL 1080p H264 AAC-HDSWEB,天涯热土 第23-26集 |主演: 凌潇肃 啜妮 陈维涵 宋晨 李净洋　[国语中字] ,5.18GB,HDSWEB,电视剧分集,2K/1080p,4,,,,,2020-05-06 23:43:16,8000,,,2020-05-11 23:47:58.988487
85008,HDSWEB,135635,Xiao Yan San Jin 2016 WEB-DL 1080p H264 AAC-HDSWEB,硝烟散尽/北上海1950  第01-12集|主演: 贾一平  刘雨欣  陶泽如  姚安濂  奚美娟 [国语中字],18.56GB,HDSWEB,电视剧分集,2K/1080p,12,,,,,2020-05-07 10:30:20,24000,,,2020-05-11 23:47:58.988487
85008,HDSWEB,135697,Li Jian 2013 WEB-DL 4K H265 AAC-HDSWEB,雳剑/对阵/雪豹雳剑 全30集打包|主演: 乔鹏樾 张若昀 朱杰 吴婷 李卓霖,58.75GB,HDSWEB,剧集（合集）,4k/2160p,,30,,,,2020-05-07 19:07:48,0,打包新资源无魔力,,2020-05-11 23:47:58.988487
85008,HDSWEB,135728,Love Is All 2020 WEB-DL 1080p H264 AAC-HDSWEB,师爷请自重/调笑令 第11-14集｜主演: 章若楠 张昊唯 马闻远 张柏嘉 戴景耀,2.07GB,HDSWEB,电视剧分集,2K/1080p,4,,,,,2020-05-07 22:20:55,8000,,,2020-05-11 23:47:58.988487
85008,HDSWEB,135773,I Love You My Country 2020 WEB-DL 1080p H264 AAC-HDSWEB,天涯热土 第27-30集 |主演: 凌潇肃 啜妮 陈维涵 宋晨 李净洋　[国语中字] ,5.35GB,HDSWEB,电视剧分集,2K/1080p,4,,,,,2020-05-08 11:01:45,8000,,,2020-05-11 23:47:58.988487
85008,HDSWEB,135775,I Love You My Country 2020 WEB-DL 4K H265 AAC-HDSWEB,天涯热土 第27-30集 |主演: 凌潇肃 啜妮 陈维涵 宋晨 李净洋　[国语中字] ,5.03GB,HDSWEB,电视剧分集,4k/2160p,4,,,,,2020-05-08 11:24:06,8000,,,2020-05-11 23:47:58.988487
85008,HDSWEB,135776,The General to Soldiers 2011 WEB-DL 1080p H264 AAC-HDSWEB,从将军到士兵   第31-32集|主演: 于荣光 吕丽萍,3.72GB,HDSWEB,电视剧分集,2K/1080p,2,,,,,2020-05-08 11:27:30,4000,,,2020-05-11 23:47:58.988487
85008,HDSWEB,135778,Xiao Yan San Jin 2016 WEB-DL 1080p H264 AAC-HDSWEB,硝烟散尽/北上海1950  第13-14集|主演: 贾一平  刘雨欣  陶泽如  姚安濂  奚美娟 [国语中字],3.05GB,HDSWEB,电视剧分集,2K/1080p,2,,,,,2020-05-08 11:33:21,4000,,,2020-05-11 23:47:58.989485
85008,HDSWEB,135875,The Eyas 2019 WEB-DL 4K H265 AAC-HDSWEB,飞行少年 全36集打包|主演: 严屹宽 范世錡 孙铱 李墨之 杨仕泽,30.75GB,HDSWEB,剧集（合集）,4k/2160p,,36,,,,2020-05-09 08:25:07,0,打包新资源无魔力,,2020-05-11 23:47:58.989485
85008,HDSWEB,135971,Xiao Yan San Jin 2016 WEB-DL 1080p H264 AAC-HDSWEB,硝烟散尽/北上海1950  第15-18集|主演: 贾一平  刘雨欣  陶泽如  姚安濂  奚美娟 [国语中字],5.96GB,HDSWEB,电视剧分集,2K/1080p,4,,,,,2020-05-09 22:34:52,8000,,,2020-05-11 23:47:58.989485
85008,HDSWEB,135972,The General to Soldiers 2011 WEB-DL 1080p H264 AAC-HDSWEB,从将军到士兵   第33-36集|主演: 于荣光 吕丽萍,7.43GB,HDSWEB,电视剧分集,2K/1080p,4,,,,,2020-05-09 22:36:31,8000,,,2020-05-11 23:47:58.989485
85008,HDSWEB,135973,I Love You My Country 2020 WEB-DL 1080p H264 AAC-HDSWEB,天涯热土 第31-32集 |主演: 凌潇肃 啜妮 陈维涵 宋晨 李净洋　[国语中字] ,2.67GB,HDSWEB,电视剧分集,2K/1080p,2,,,,,2020-05-09 22:40:10,4000,,,2020-05-11 23:47:58.989485
85008,HDSWEB,135975,I Love You My Country 2020 WEB-DL 4K H265 AAC-HDSWEB,天涯热土 第31-32集 |主演: 凌潇肃 啜妮 陈维涵 宋晨 李净洋　[国语中字] ,2.46GB,HDSWEB,电视剧分集,4k/2160p,2,,,,,2020-05-09 22:43:26,4000,,,2020-05-11 23:47:58.989485
85008,HDSWEB,135978,Beautiful Reborn Flower 2020 WEB-DL 4k H265 AAC-HDSWEB,彼岸花 第17-20集|主演: 林允 宋威龙 何润东 王耀庆 李心艾 [国语中字],5.81GB,HDSWEB,电视剧分集,4k/2160p,4,,,,,2020-05-09 23:17:55,8000,,,2020-05-11 23:47:58.989485
85008,HDSWEB,135979,Beautiful Reborn Flower 2020 WEB-DL 1080p H264 AAC-HDSWEB,彼岸花 第17-20集|主演: 林允 宋威龙 何润东 王耀庆 李心艾 [国语中字],2.32GB,HDSWEB,电视剧分集,2K/1080p,4,,,,,2020-05-09 23:36:56,8000,,,2020-05-11 23:47:58.989485
85008,HDSWEB,136017,I Love You My Country 2020 WEB-DL 1080p H264 AAC-HDSWEB,天涯热土 第33-34集 |主演: 凌潇肃 啜妮 陈维涵 宋晨 李净洋　[国语中字] ,2.69GB,HDSWEB,电视剧分集,2K/1080p,2,,,,,2020-05-10 12:40:22,4000,,,2020-05-11 23:47:58.989485
85008,HDSWEB,136018,I Love You My Country 2020 WEB-DL 4K H265 AAC-HDSWEB,天涯热土 第33-34集 |主演: 凌潇肃 啜妮 陈维涵 宋晨 李净洋　[国语中字] ,2.58GB,HDSWEB,电视剧分集,4k/2160p,2,,,,,2020-05-10 12:41:53,4000,,,2020-05-11 23:47:58.989485
85008,HDSWEB,136019,Xiao Yan San Jin 2016 WEB-DL 1080p H264 AAC-HDSWEB,硝烟散尽/北上海1950  第19-22集|主演: 贾一平  刘雨欣  陶泽如  姚安濂  奚美娟 [国语中字],6.17GB,HDSWEB,电视剧分集,2K/1080p,4,,,,,2020-05-10 12:43:24,8000,,,2020-05-11 23:47:58.989485
85008,HDSWEB,136020,The General to Soldiers 2011 WEB-DL 1080p H264 AAC-HDSWEB,从将军到士兵   第37-40集|主演: 于荣光 吕丽萍,7.32GB,HDSWEB,电视剧分集,2K/1080p,4,,,,,2020-05-10 12:44:33,8000,,,2020-05-11 23:47:58.989485
85008,HDSWEB,136057,Arsenal Military Academy 2019 WEB-DL 4k H265 AAC-HDSWEB,烈火军校 全48集打包 | 主演：白鹿 许凯 ,51.0GB,HDSWEB,剧集（合集）,4k/2160p,,48,,,,2020-05-10 18:44:18,0,打包新资源无魔力,,2020-05-11 23:47:58.989485
85008,HDSWEB,136138,A Splendid Life In Beijing 2017 WEB-DL 4k H265 AAC-HDSWEB,生逢灿烂的日子/北京人在北京  全47集打包[国语中字]｜主演: 张嘉译 果靖霖 刘佩琦 车晓 徐洁儿,50.25GB,HDSWEB合集专用,剧集（合集）,4k/2160p,,47,,,,2020-05-11 11:59:39,0,打包新资源无魔力,,2020-05-11 23:47:58.989485
85008,HDSWEB,136146,I Love You My Country 2020 WEB-DL 4K H265 AAC-HDSWEB,天涯热土 第35-36集 |主演: 凌潇肃 啜妮 陈维涵 宋晨 李净洋　[国语中字] ,2.57GB,HDSWEB,电视剧分集,4k/2160p,2,,,,,2020-05-11 12:58:07,4000,,,2020-05-11 23:47:58.989485
85008,HDSWEB,136147,I Love You My Country 2020 WEB-DL 1080p H264 AAC-HDSWEB,天涯热土 第35-36集 |主演: 凌潇肃 啜妮 陈维涵 宋晨 李净洋　[国语中字] ,2.67GB,HDSWEB,电视剧分集,2K/1080p,2,,,,,2020-05-11 13:00:03,4000,,,2020-05-11 23:47:58.989485
85008,HDSWEB,136190,I Love You My Country 2020 WEB-DL 1080p H264 AAC-HDSWEB,天涯热土  全36集打包 |主演: 凌潇肃 啜妮 陈维涵 宋晨 李净洋　[国语中字] ,47.93GB,HDSWEB合集专用,剧集（合集）,2K/1080p,,36,,,,2020-05-11 21:15:56,0,打包新资源无魔力,,2020-05-11 23:47:58.989485
85008,HDSWEB,136191,I Love You My Country 2020 WEB-DL 4K H265 AAC-HDSWEB,天涯热土 全36集打包 |主演: 凌潇肃 啜妮 陈维涵 宋晨 李净洋　[国语中字] ,46.2GB,HDSWEB合集专用,剧集（合集）,4k/2160p,,36,,,,2020-05-11 21:17:39,0,打包新资源无魔力,,2020-05-11 23:47:58.989485
85008,HDSWEB,,,,,,,,,,,,,,,,374000,
88593,lht11115,135504,Nirvana in Fire 2015 WEB-DL 1080p H264 AAC-HDSWEB,琅琊榜 补第50集 | 主演：胡歌 刘涛 王凯   [50帧],0.83GB,HDSWEB,剧集（合集）,2K/1080p,,,,,,2020-05-06 11:59:26,2000,,,2020-05-11 23:48:00.893134
88593,lht11115,135639,My Own Swordsman 2006 WEB-DL 1080p H264 AAC-HDSWEB,武林外传 全81集|主演: 闫妮 姚晨 沙溢 喻恩泰 姜超,31.54GB,HDSWEB,剧集（合集）,2K/1080p,,,81,,,2020-05-07 10:49:51,81000,,,2020-05-11 23:48:00.893134
88593,lht11115,135698,My Own Swordsman 2006 WEB-DL 4k H265 AAC-HDSWEB,武林外传 全81集|主演: 闫妮 姚晨 沙溢 喻恩泰 姜超,82.73GB,HDSWEB,剧集（合集）,4k/2160p,,,81,,,2020-05-07 19:12:14,121500,,,2020-05-11 23:48:00.893134
88593,lht11115,135783,Intense Love 2020 WEB-DL 1080p H264 AAC-HDSWEB,韫色过浓 第1-10集｜主演：张予曦 丁禹兮 师铭泽 完颜洛绒 林昕宜,11.4GB,HDSWEB,剧集（合集）,2K/1080p,10,,,,,2020-05-08 13:01:09,20000,,,2020-05-11 23:48:00.893134
88593,lht11115,136189,Intense Love 2020 WEB-DL 1080p H264 AAC-HDSWEB,韫色过浓 第11-14集｜主演：张予曦 丁禹兮 师铭泽 完颜洛绒 林昕宜,4.49GB,HDSWEB,剧集（合集）,2K/1080p,4,,,,,2020-05-11 21:12:05,8000,,,2020-05-11 23:48:00.893134
88593,lht11115,136193,Happy Camp 2020 WEB-DL 1080p H264 AAC-HDSWEB,快乐大本营2020年 第20200502-20200509期共2集 | 主 演: 何炅 谢娜 吴昕 杜海涛 李维嘉  [无台标],4.85GB,HDSWEB,综艺,2K/1080p,2,,,,,2020-05-11 21:30:59,4000,,,2020-05-11 23:48:00.893134
88593,lht11115,136194,Day Day Up 2020 WEB-DL 1080 H264 AAC-HDSWEB,天天向上2020年 第20200503、20200510期|主演:汪涵 大张伟[无台标],4.96GB,HDSWEB,综艺,2K/1080p,2,,,,,2020-05-11 21:42:28,4000,,,2020-05-11 23:48:00.893134
88593,lht11115,,,,,,,,,,,,,,,,240500,
91939,noway2004,135037,The Outcast 2020 WEB-DL 1080p H264 AAC-HDSWEB,一人之下 第三季第3集 国漫 配音：曹云图 小连杀  彭尧,0.24GB,HDSWEB,动漫,2K/1080p,,,,,,2020-05-02 11:34:19,2000,,,2020-05-11 23:48:02.164243
91939,noway2004,135048,Reversal of Fate 2020 WEB-DL 1080p H264 AAC 2Audio-HDSWEB,地下城与勇士逆转之轮 第3集 国日双语 配音：曹云图 苏尚卿 乔诗语,0.29GB,HDSWEB,动漫,2K/1080p,,,,是,,2020-05-02 11:58:19,2000,,,2020-05-11 23:48:02.164243
91939,noway2004,135209,Infinite Dendrogram 2020 WEB-DL 4k H264 AAC-HDSWEB,无限系统树 全13集 配音：齐藤壮马 大野柚布子 日野聪,5.57GB,HDSWEB,动漫,4k/2160p,,,13,,,2020-05-03 20:47:02,19500,,,2020-05-11 23:48:02.164243
91939,noway2004,135324,Maho Tsukai no Yome 2017 WEB-DL 4k H264 AAC-HDSWEB,魔法使的新娘 全24集 配音：种崎敦美 竹内良太 内山昂辉,8.33GB,HDSWEB,动漫,4k/2160p,,,24,,,2020-05-04 19:38:13,36000,,,2020-05-11 23:48:02.164243
91939,noway2004,135444,3D Kanojo Real Girl 2018 WEB-DL 4k H265 AAC-HDSWEB,三次元女友 全24集 配音：芹泽优 上西哲平 苍井翔太,18.16GB,HDSWEB,动漫,4k/2160p,,,24,,,2020-05-05 21:28:21,36000,,,2020-05-11 23:48:02.164243
91939,noway2004,135564,Star☆Twinkle Precure 2019 WEB-DL 4k H264 AAC-HDSWEB,Star☆Twinkle 光之美少女 全49集 配音：成濑瑛美 小原好美 安野希世乃,26.45GB,HDSWEB,动漫,4k/2160p,,,49,,,2020-05-06 22:10:01,73500,,,2020-05-11 23:48:02.164243
91939,noway2004,135732,Hao Qi Zi 2020 WEB-DL 1080p H264 AAC-HDSWEB,好妻子 第1-10集 姚芊羽 李威  周昱彤,5.71GB,HDSWEB,动漫,2K/1080p,10,,,,,2020-05-07 22:40:28,20000,,,2020-05-11 23:48:02.164243
91939,noway2004,135738,My Ages Apart 2017 WEB-DL 4k H265 AAC-HDSWEB,夸世代 全50集  主演:欧阳震华 陈豪 张继聪,106.17GB,HDSWEB,剧集（合集）,4k/2160p,,,50,,,2020-05-08 00:27:18,75000,,,2020-05-11 23:48:02.164243
91939,noway2004,135827,Hao Qi Zi 2020 WEB-DL 1080p H264 AAC-HDSWEB,好妻子 第11-13集 主演:姚芊羽 李威  周昱彤,1.1GB,HDSWEB,电视剧分集,2K/1080p,2,,,,,2020-05-08 21:33:55,4000,,,2020-05-11 23:48:02.165242
91939,noway2004,135854,Line Walker 2014 WEB-DL 4k H265 AAC 2Auido-HDSWEB,使徒行者 全31集 国粤双语 主演:苗侨伟 佘诗曼 林峰 ,106.82GB,HDSWEB,剧集（合集）,4k/2160p,,,31,是,,2020-05-09 01:07:09,62000,,,2020-05-11 23:48:02.165242
91939,noway2004,135969, Hao Qi Zi 2020 WEB-DL 1080p H264 AAC-HDSWEB,好妻子 第11-13集 主演:姚芊羽 李威  周昱彤,1.02GB,HDSWEB,电视剧分集,2K/1080p,2,,,,,2020-05-09 22:25:27,4000,,,2020-05-11 23:48:02.165242
91939,noway2004,135981,Hugtto Precure 2018 WEB-DL 4K H265 AAC-HDSWEB,拥抱！光之美少女 全49集 配音:引坂理绘 本泉莉奈  小仓唯,39.07GB,HDSWEB,动漫,4k/2160p,,,49,,,2020-05-10 00:05:28,73500,,,2020-05-11 23:48:02.165242
91939,noway2004,136069,Pretty Paradise 2016 WEB-DL 4K H265 AAC-HDSWEB,美妙天堂  全51集 配音:茜屋日海夏  芹澤優  久保田未夢,38.61GB,HDSWEB,动漫,4k/2160p,,,51,,,2020-05-10 21:11:09,76500,,,2020-05-11 23:48:02.165242
91939,noway2004,136071,Hao Qi Zi 2020 WEB-DL 1080p H264 AAC-HDSWEB,好妻子 第15-16集 主演:姚芊羽 李威  周昱彤,1.09GB,HDSWEB,电视剧分集,2K/1080p,2,,,,,2020-05-10 21:19:03,4000,,,2020-05-11 23:48:02.165242
91939,noway2004,,,,,,,,,,,,,,,,488000,
91842,xyjz118,134907, Find Me in Your Memory 2020 WEB-DL 1080p H264 AAC-HDSWEB,韩剧 那个男人的记忆法 第25-26集 | 主演:金东旭 文佳煐 [繁体软字幕],0.78GB,HDSWEB,电视剧分集,2K/1080p,2,,,,,2020-05-01 07:15:14,4000,,,2020-05-11 23:48:03.509819
91842,xyjz118,134926,Memorist 2020 WEB-DL 4k H265 AAC-HDSWEB,韩剧 超能警探 第14集 | 主演:俞承豪 [简体软字幕],0.93GB,HDSWEB,电视剧分集,4k/2160p,,,,,,2020-05-01 10:37:20,2000,,,2020-05-11 23:48:03.509819
91842,xyjz118,134935,When My Love Blooms 2020 WEB-DL 4k H265 AAC-HDSWEB,韩剧 花样年华 第1-2集 | 主演: 刘智泰 李宝英 [简体软字幕] ,2.42GB,HDSWEB,电视剧分集,4k/2160p,2,,,,,2020-05-01 11:20:41,4000,,,2020-05-11 23:48:03.509819
91842,xyjz118,135010,Memorist 2020 WEB-DL 4k H265 AAC-HDSWEB,韩剧 超能警探 全16集 | 主演:俞承豪 [简体软字幕],28.82GB,HDSWEB,剧集（合集）,4k/2160p,,,16,,,2020-05-02 07:30:50,24000,,,2020-05-11 23:48:03.509819
91842,xyjz118,135020,Hospital Playlist S01 2020 1080p NF WEB-DL DD2.0 x264-HDSWEB,机智医生生活 第8集 | 主演: 郑京浩 曹政奭 [简繁中字],1.28GB,HDSWEB,电视剧分集,2K/1080p,,,,,是,2020-05-02 09:17:27,2000,,,2020-05-11 23:48:03.509819
91842,xyjz118,135028,The King Eternal Monarch 2020 1080p NF WEB-DL DD2.0 x264-HDSWEB,国王：永远的君主 第5集 | 主演: 李敏镐 金高银 [简繁中字],1.24GB,HDSWEB,电视剧分集,2K/1080p,,,,,是,2020-05-02 10:52:17,2000,,,2020-05-11 23:48:03.509819
91842,xyjz118,135045,The Victims' Game 2020 1080p NF WEB-DL DD2.0x264-HDSWEB,谁是被害者 全8集 | 主演:张孝全 许玮甯 [简繁中字],13.39GB,HDSWEB,剧集（合集）,2K/1080p,,,8,,是,2020-05-02 11:49:09,16000,,,2020-05-11 23:48:03.509819
91842,xyjz118,135144,The King Eternal Monarch 2020 1080p NF WEB-DL DD2.0 x264-HDSWEB,国王：永远的君主 第6集 | 主演: 李敏镐 金高银 [简繁中字],2.17GB,HDSWEB,电视剧分集,2K/1080p,,,,,是,2020-05-03 05:16:36,2000,,,2020-05-11 23:48:03.509819
91842,xyjz118,135149,A Piece of Your Mind 2020 WEB-DL 1080p H264 AAC-HDSWEB,韩剧 一半的一半 全12集 | 主演：丁海寅 蔡秀彬 [简繁软字幕],12.74GB,HDSWEB,剧集（合集）,2K/1080p,,,12,,,2020-05-03 09:14:51,12000,,,2020-05-11 23:48:03.509819
91842,xyjz118,135249,The Half Of It 2020 1080p NF WEB-DL DD5.1 x264-HDSWEB,校园情圣 | 主演: 利·刘易斯 [英简繁字幕],2.9GB,HDSWEB,电影,2K/1080p,,,,是,是,2020-05-04 06:45:36,2000,,,2020-05-11 23:48:03.509819
91842,xyjz118,135259,I'll Find You on a Beautiful Day 2020 WEB-DL 1080p H264 AAC-HDSWEB,韩剧 天气好的话，我会去找你 全16集 | 主演:朴敏英 徐康俊 [简繁软字幕],13.29GB,HDSWEB,剧集（合集）,2K/1080p,,,16,,,2020-05-04 10:16:39,16000,,,2020-05-11 23:48:03.509819
91842,xyjz118,135356, CHUANG 2020 WEB-DL 4k H265 AAC-HDSWEB,创造营 2020 第01期 （上下两部） | 主演: 黄子韬 鹿晗 毛不易 宋茜 大张伟 [无标无字幕],8.43GB,HDSWEB,综艺,4k/2160p,2,,,,,2020-05-05 03:19:30,4000,,,2020-05-11 23:48:03.509819
91842,xyjz118,135363,When My Love Blooms 2020 WEB-DL 4k H265 AAC-HDSWEB,韩剧 花样年华 第3-4集 | 主演: 刘智泰 李宝英 [简体软字幕] ,1.78GB,HDSWEB,电视剧分集,4k/2160p,2,,,,,2020-05-05 07:42:16,4000,,,2020-05-11 23:48:03.509819
91842,xyjz118,135370,Once Upon a Bite 2020 WEB-DL 4K H265 AAC-HDSWEB,风味人间 第二季 第1-2集 | 导演：陈晓卿 [简繁软字幕],2.82GB,HDSWEB,纪录片,4k/2160p,2,,,,,2020-05-05 08:44:04,4000,,,2020-05-11 23:48:03.509819
91842,xyjz118,135386,Hollywood 2020 1080p NF WEB-DL DD5.1 x264-HDSWEB,好莱坞 全7集 |主演: 大卫·科伦斯韦 达伦·克里斯 [英简繁字],10.75GB,HDSWEB,剧集（合集）,2K/1080p,,,7,是,是,2020-05-05 10:51:36,14000,,,2020-05-11 23:48:03.509819
91842,xyjz118,135466,Extracurricular 2020 1080p NF WEB-DL DD5.1 x264-HDSWEB,韩剧 人间课堂 全10集 | 主演: 金东希 郑多彬 [简繁中字],10.0GB,HDSWEB,剧集（合集）,2K/1080p,,,10,,是,2020-05-06 06:02:19,20000,,,2020-05-11 23:48:03.509819
91842,xyjz118,135622,J-Style Trip 2020 NF WEB-DL 1080p DDP2 0x264-HDSWEB,周游记 第6-7期 | 主演: 周杰伦 [简繁中字],3.76GB,HDSWEB,综艺,2K/1080p,2,,,,是,2020-05-07 08:16:39,4000,,,2020-05-11 23:48:03.509819
91842,xyjz118,135640,Outer Banks 2020 1080p NF WEB-DL DD5.1 x264-HDSWEB,外滩探秘 全10集 | 主演: 查尔斯·伊斯滕  玛德琳·克莱因 [英简繁字],13.56GB,HDSWEB,剧集（合集）,2K/1080p,,,10,是,是,2020-05-07 10:50:49,20000,,,2020-05-11 23:48:03.509819
91842,xyjz118,135736,The Last Kingdom 2020 1080p NF WEB-DL DD5.1 x264-HDSWEB,孤国春秋 第四季 / 最后的王国 全10集 | 主演:斯蒂芬妮·马蒂尼  埃莉萨·巴特沃思 [英简繁字],16.54GB,HDSWEB,剧集（合集）,2K/1080p,,,10,是,是,2020-05-07 23:47:57,20000,,,2020-05-11 23:48:03.509819
91842,xyjz118,135761,Hospital Playlist S01 2020 1080p NF WEB-DL DD2 0 x264-HDSWEB,机智医生生活 第9集 | 主演: 郑京浩 曹政奭 [简繁中字],1.12GB,HDSWEB,电视剧分集,2K/1080p,,,,,是,2020-05-08 09:16:11,2000,,,2020-05-11 23:48:03.509819
91842,xyjz118,135765,Win the Wilderness 2020 1080p NF WEB-DL DD2 0 x264-HDSWEB,征服荒野 第一季 全6集 | 纪录片 户外探险 [英简繁字],14.54GB,HDSWEB,纪录片,2K/1080p,,,6,是,是,2020-05-08 10:00:34,12000,,,2020-05-11 23:48:03.509819
91842,xyjz118,135859,Find Me in Your Memory 2020 WEB-DL 1080p H264 AAC-HDSWEB,韩剧 那个男人的记忆法 第27-30集 | 主演:金东旭 文佳煐 [简繁软字幕],1.52GB,HDSWEB,电视剧分集,2K/1080p,4,,,,,2020-05-09 06:07:33,8000,,,2020-05-11 23:48:03.509819
91842,xyjz118,135878, The World of the Married 2020 WEB-DL 1080p H264 AAC-HDSWEB,韩剧 夫妻的世界 第7-13集 | 主演:金喜爱 朴海俊 [简繁软字幕],8.23GB,HDSWEB,电视剧分集,2K/1080p,7,,,,,2020-05-09 09:00:37,14000,,,2020-05-11 23:48:03.509819
91842,xyjz118,135903,The King Eternal Monarch 2020 1080p NF WEB-DL DD2 0 x264-HDSWEB,国王：永远的君主 第7集 | 主演: 李敏镐 金高银 [简繁中字],2.09GB,HDSWEB,电视剧分集,2K/1080p,,,,,是,2020-05-09 12:20:40,2000,,,2020-05-11 23:48:03.509819
91842,xyjz118,135992,The King Eternal Monarch 2020 1080p NF WEB-DL DD2 0 x264-HDSWEB,国王：永远的君主 第8集 | 主演: 李敏镐 金高银 [简繁中字],2.26GB,HDSWEB,电视剧分集,2K/1080p,,,,,是,2020-05-10 06:36:58,2000,,,2020-05-11 23:48:03.509819
91842,xyjz118,135993,The World of the Married 2020 WEB-DL 1080p H264 AAC-HDSWEB,韩剧 夫妻的世界 第14集 | 主演:金喜爱 朴海俊 [简繁软字幕],1.21GB,HDSWEB,电视剧分集,2K/1080p,,,,,,2020-05-10 07:57:10,2000,,,2020-05-11 23:48:03.509819
91842,xyjz118,135995,J-Style Trip 2020 NF WEB-DL 1080p DDP2.0x264-HDSWEB,周游记 第8期 | 主演: 周杰伦 [简繁中字],1.46GB,HDSWEB,综艺,2K/1080p,,,,,是,2020-05-10 08:44:54,2000,,,2020-05-11 23:48:03.509819
91842,xyjz118,136081,Once Upon a Bite 2020 WEB-DL 4K H265 AAC-HDSWEB,风味人间 第二季 第3集 | 导演：陈晓卿 [简繁软字幕],1.46GB,HDSWEB,纪录片,4k/2160p,,,,,,2020-05-10 23:05:00,2000,,,2020-05-11 23:48:03.509819
91842,xyjz118,136102,2020 CHUANG 2020 WEB-DL 4k H265 AAC-HDSWEB,创造营 2020 第02期 （上下两部） | 主演: 黄子韬 鹿晗 毛不易 宋茜 大张伟 [无标无字幕],7.33GB,HDSWEB,综艺,4k/2160p,2,,,,,2020-05-11 04:48:37,4000,,,2020-05-11 23:48:03.509819
91842,xyjz118,136140,Healer 2014 WEB-DL 1080p H265 AAC-HDSWEB,韩剧 治愈者 全20集 | 主演:池昌旭 朴敏英 [简体软字幕] ,27.38GB,HDSWEB合集专用,剧集（合集）,2K/1080p,,,20,,,2020-05-11 12:03:47,20000,,,2020-05-11 23:48:03.509819
91842,xyjz118,,,,,,,,,,,,,,,,246000,
